cryptonews,mattzahab
cryptodotnew,rud_alla23
blockchain,OneMorePeter
Mint_Blockchain,CreditOnChain
Neo_Blockchain,coz_official
flow_blockchain,flowverse_
flow_blockchain,DimensionX_NFT
ice_blockchain,ice_apoll0
ice_blockchain,Mechilambre
ton_blockchain,GraFunLabs
ton_blockchain,17konero
ton_blockchain,HypeSaintsNFT
RenecBlockchain,RelendOfficial
RenecBlockchain,pamp_cat
Bitcoin,CryptoSohail_
Bitcoin,krakenfx
Bitcoin,TheToriant
Bitcoin,relationlabs
Bitcoin,well3official
BTCTN,cryptoquant_com
krakenfx,Bivu_D
BTC_Archive,CryptoSohail_
BTC_Archive,real_Mr_google
BTC_Archive,woonomic
BitcoinMagazine,bitcoin1zation
BitcoinMagazine,DavidFBailey
BitcoinMagazine,seawhattf
BitcoinMagazine,krakenfx
BitcoinMagazine,singularity7x
BitcoinMagazine,jespow
BitcoinMagazine,BenjaminBitcoin
BitcoinMagazine,okx
BitcoinMagazine,Caduceus_CAD
BitcoinMagazine,knutsvanholm
BitcoinNewsCom,MrHodl
cz_binance,nileshshuklas
cz_binance,DavidFBailey
cz_binance,BinanceLabs
cz_binance,MrDiamondhandz1
cz_binance,heyibinance
cz_binance,Port3Network
cz_binance,JesuslVivas
cz_binance,Caduceus_CAD
cz_binance,binary_x
cz_binance,MysticTreasure_
DeFi,Daniel_Bowl
thedefiedge,buttercupcrypto
ViktorDefi,Haylesdefi
TheDeFinvestor,indivfr
ALEXLabBTC,TO
phtevenstrong,hourglasshq
DefiLlama,usdx_money
youngparrotnft,core_believer
AlienSwap_NFT,Duck_Chain
Web3WithBinance,DefiIgnas
Web3WithBinance,Micro3io
ForbesWeb3,DarknightHimslf
ForbesWeb3,KedarK04
ForbesWeb3,eth_apple
Web3foundation,FabianGompf
saakuru_labs,GudPaw
americanhodl8,TheBTCTherapist
americanhodl8,bradmillscan
EthereumPoW,ETHW_cn
ensdomains,domicoeth
ensdomains,ENS_DAO
ensdomains,nicksdjohnson
ensdomains,poapfr
ensdomains,katherineykwu
ensdomains,184eth
ensdomains,gregskril
CFTC,CFTCcgr
AltcoinDailyio,corybates1895
AltcoinDailyio,krakenfx
AltcoinDailyio,sander_gortjes
AltcoinDailyio,bitgetglobal
AltcoinJase,law_jon
Ashcryptoreal,CryptoSohail_
Ashcryptoreal,robert_bancsok
Ashcryptoreal,cryptogems555
LadyofCrypto1,creepyweb3
TheCryptoLark,creepyweb3
TheCryptoLark,LauriannaCrypto
TheCryptoLark,crypto_rand
TheCryptoLark,hellopixelapp
rovercrc,crypto_Abao
rovercrc,Altcoinbuzzio
TheCryptoDog,POPCATSOLANA
cryptocom,ZircuitL2
cryptocom,leugimcro
cryptocom,agentfunai
cryptocom,kris
crypto,tookerkurlson
TCryptoCurrency,walkerworld_
VenomFoundation,venompad
Cointelegraph,Altcoinbuzzio
Cointelegraph,w3w_exchange
Cointelegraph,IOHK_Charles
Cointelegraph,cryptorecruitr
Cointelegraph,DMBrumField
Cointelegraph,PancakeSwap
Cointelegraph,TheCryptoZombie
Uniswap,ashleighschap
BNBDriver,cryptofeednews
AltCryptoGems,sander_gortjes
minhokim,robo40022783
CryptoNobler,BenitoReeberg
crypto_banter,icphub_PH
crypto_banter,dominic_w
neiro,anndylian
TurboToadToken,rhett
TurboToadToken,Bitcoin_Buddah
boldleonidas,DefiIgnas
Optimism,unichain
aeyakovenko,bgarlinghouse
aeyakovenko,solanamobile
aeyakovenko,RuneKek
aeyakovenko,MessariCrypto
Polkadot,BillLaboon
Austin_Federa,therealchaseeb
Austin_Federa,GrabowskiDylan
therealchaseeb,cometcalls
cryptorecruitr,BoocoinIO
cryptorecruitr,CryptoIRELAND1
VitalikButerin,brian_armstrong
VitalikButerin,_jefflau
VitalikButerin,Helghardt
VitalikButerin,RangoExchange
VitalikButerin,star_okx
lookonchain,crypto_condom
ki_young_ju,0x__One
ki_young_ju,woonomic
ki_young_ju,CryptoInsightsX
News_Of_Alpha,iamDCinvestor
News_Of_Alpha,ByzGeneral
News_Of_Alpha,lopp
DoctorX_Meme,CryptoNecton
MultiversX,xLaunchpadApp
MEXC_Official,artherachain
MEXC_Official,gempegasuss
BitMartExchange,creepyweb3
BitMartExchange,GIGACHAD_meme
bitgetglobal,rud_alla23
bitgetglobal,ANEX_TOKEN
LBank_Exchange,Airdrop_Exp
hyperbridge,FabianGompf
RelendOfficial,RenecBlockchain
CoinMarketCap,BoocoinIO
CoinMarketCap,Poseidon_SF
CoinMarketCap,getpipcom
mycryptoheroes_,mycryptosaga_
PentagonGamesXP,BAYC244
PentagonGamesXP,iEmmaLiu
100trillionUSD,21milofficial
elonmusk,BillAckman
elonmusk,famlcoin
elonmusk,paulitoi
elonmusk,mintdotrich
elonmusk,DocumentingBTC
bitcoincoreorg,pwuille
TheBlueMatt,notgrubles
officialmcafee,TheBitcoinConf
officialmcafee,SGBarbour
_RichardTeng,binary_x
saylor,HashKeyHSK
saylor,Croesus_BTC
saylor,dotkrueger
saylor,HODL15Capital
saylor,TheBTCTherapist
saylor,FruitScientist
saylor,bsword
saylor,LamarCookal
saylor,americanhodl8
saylor,bitgetglobal
saylor,DocumentingBTC
saylor,BigSeanHarris
saylor,LFGSwap
saylor,angel_funsized
saylor,hellopixelapp
saylor,mrJackLevin
saylor,AltGemsAlert
tyler,cameron
CoinDesk,LFG_org
CoinDesk,solanamobile
CoinDesk,0xPolygon
CoinDesk,pythianism
CoinDesk,CryptoWendyO
litecoin,stack_wallet
Tether_to,paoloardoino
Tether_to,CNHtOfficial
CryptoMichNL,EraldOnChain
naiivememe,coinexcom
naiivememe,AltcoinBernays
Breedlove22,JJjanzen22
TheBitcoinConf,crypto_rand
jackmallers,dylandotdotdot
jackmallers,TheGuySwann
gladstein,LiquidBase_
hodlonaut,BitcoinIsSaving
hodlonaut,bradmillscan
lopp,BTCFoundation
Dennis_Porter_,GhostofWhitman
Excellion,Vivek4real_
pete_rizzo_,JAWSnAZ
pete_rizzo_,gladstein
pete_rizzo_,wiseadvicesumit
pete_rizzo_,SpaceIDProtocol
Vivek4real_,DavidFBailey
Vivek4real_,krakenfx
Vivek4real_,BenjaminBitcoin
usualmoney,CurvedVentures
MacnBTC,WhaleOfGems
WalkerAmerica,titcoinpodcast
w_s_bitcoin,MikeStillBTC
SimplyBitcoinTV,crypto_rand
justinsuntron,trondao
pushpendrakum,nileshshuklas
pushpendrakum,cryptonewshindi
wiseadvicesumit,Maddy2Crypto
wiseadvicesumit,smtgpt
wiseadvicesumit,RastislavBakala
heyibinance,MrDiamondhandz1
heyibinance,binary_x
CryptoKingKeyur,pushpendrakum
Crypto_Jargon,Himansh31015466
MustStopMurad,WhaleOfGems
MustStopMurad,thelastplaysol
MinswapDEX,Indigo_protocol
AITECHio,Bitcoin_Buddah
milesdeutscher,IBCHodler
Route2FI,rektdiomedes
alpha_pls,Subli_Defi
DefiIgnas,quienesfacundo
LouisCooper_,CryptoMemePanda
BitgetWallet,Memeland
BitgetWallet,MultiversX
crypto_condom,QuillFi
crypto_condom,olof1_
0xPolygon,WilderWorld
0xPolygon,agglayerzone
0xPolygon,litecoin
0xPolygon,sandeepnailwal
sandeepnailwal,DablClub
Crypto_Texan,0xPolygon
muneeb,Ryder_ID
Stacks,StacksOrg
Stacks,TheDustyBC
godfred_xcuz,herogamer21btc
trygamma,NIETTANFT
trygamma,Pizza_Ninjas
herogamer21btc,NIETTANFT
stablekwon,LFG_org
MartyBent,ktlannan
nvk,adam3us
IIICapital,Croesus_BTC
dl_research,CurvedVentures
leptokurtic_,ethena_labs
leptokurtic_,DeFi_Made_Here
modenetwork,Ashcryptoreal
ether_fi,hourglasshq
ethena_labs,CurvedVentures
ethena_labs,0xsign
Awawat_Trades,Darrenlautf
paik_michael,yourealazyfvck
yourealazyfvck,paik_michael
sassal0x,CoreyCaplan3
sassal0x,ryanberckmans
TrustlessState,hosseeb
TrustlessState,JayeHarrill
TrustlessState,RyanSAdams
TrustlessState,gregskril
econoar,CryptoSnooper_
econoar,LawrenceCrypt0
econoar,delzennejc
econoar,androolloyd
econoar,DeFi_Dad
econoar,gametheorizing
econoar,pythianism
evan_van_ness,aurbelis
hasufl,olof1_
scupytrooples,ShizzyAizawa
scupytrooples,Subli_Defi
pythianism,CryptoSnooper_
mypethooligan,karratcoin
Coredao_Org,KieranPDennis
Coredao_Org,W3X_NW
Coredao_Org,corechaincrypto
Coredao_Org,BrendonSedo
Pell_Network,kingston00111
Pell_Network,071_labs
core_believer,youngparrotnft
base,jessepollak
base,livingbycrypto
base,PitmagCommunity
punk1685,stevenwellens
a16zcrypto,Collin_McCune
HeLa_Labs,veda_vital
cehlos,TienCypress
MathWallet,MathVerseNFT
wallet,supernftwars
mooarofficial,THENFTSTAR
sanyi_eth_,ZF_lab
MosoHQ,Galxe
okx,creepyweb3
okx,WilderWorld
okx,SwordsnDungeons
okx,TienCypress
okx,OrdiLaunch
okx,lubi366
okx,star_okx
okx,Cucumbercryptox
Tabichain,iEmmaLiu
HIOmusicapp,CGAAPromo
EARNMrewards,bluwhaleai
CryptoNoach,CryptoKans
gavofyork,Polkadot
rphmeier,gavofyork
rphmeier,BillLaboon
paritytech,BillLaboon
EFDevcon,MIXMARVELGAME
seer_pm,Swapr_dapp
CoinstoreExc,UTXOGlobal
CoinstoreExc,BLove_Coin
XTexchange,CryptoKing4Ever
Wagmipad,albert_bearynx
HodlMagoo,bitcoin_chicken
RyanSAdams,reallygodwin
jchervinsky,jerrybrito
MetisL2,W3X_NW
CryptoStatuette,BaseShogun
BeatlesPOW,trustlook
allinonedao,BeatlesPOW
allinonedao,camel_ark
allinonedao,ETHW_cn
evanmoyer_eth,erni_eth
katherineykwu,erni_eth
Esk3nder,gregskril
peteschroeder,annsaphir
MMCrypto,bensbtc
MMCrypto,Altcoinbuzzio
MMCrypto,cryptomanran
MartiniGuyYT,moraliscom
coinbureau,creepyweb3
ImCryptoMessiah,Altcoinbuzzio
cryptogems555,AceDCoin
MonstersCoins,BoocoinIO
MonstersCoins,CryptoSohail_
MonstersCoins,DeSci_CTO
MonstersCoins,AdamEShelton
MonstersCoins,edenfinex
cometcalls,thecryptomonk
ardizor,rhett
Noahhweb3,Goku_Memecoin
_WOO_X,robert_bancsok
CryptoEmdarks,AltGemsAlert
CryptoEmdarks,EquilibriaDevs
altcryptocom,creepyweb3
altcryptocom,AltcoinWorldcom
altcryptocom,CryptoGemsCom
AltGemsAlert,CryptoEmdarks
oddgems,UnmarshalAI
oddgems,CRYPTOHABEBEt
jasonappleton,CryptoIRELAND1
DWFLabs,ag_dwf
DWFLabs,ummacoin
DWFLabs,GraFunLabs
anndylian,Steve_Walson
krakenpro,DMBrumField
krakenpro,CryptoWendyO
wintermute_t,IshaqNamajee
HTX_Global,htxintern
HTX_Global,CNHtOfficial
MessariCrypto,GoPlusSecurity
pudgypenguins,GudPaw
pudgypenguins,mhonkasalo
pudgypenguins,taxninja
CryptoTony__,Crypt0Catalysts
CryptoTony__,dubzyxbt
eliz883,robert_bancsok
eliz883,TheThnd
CryptoWizardd,jscryptopia
CryptoWizardd,SkylineETH
CryptoWizardd,robert_bancsok
CryptoWizardd,MonstersCoins
bloodgoodBTC,diecero
blockchainchick,Cryptowok1
blockchainchick,crypt0snews
CryptoSavingExp,Web3Spud
CryptoDonAlt,coinmamba
CryptoDonAlt,robustus
CryptoDonAlt,bhiitc1
CryptoDonAlt,john_j_brown
CryptoDonAlt,CryptoCred
Tradermayne,Cryptowok1
Tradermayne,follis_
Tradermayne,joker_szn
kris,Savin0x
kris,CroHodler
flufworld,nftbroo
flufworld,TCryptoCurrency
flufworld,futureverse
flufworld,nftsales
flufworld,seekers_xyz
flufworld,JeffIYPK
flufworld,ATEMCarClub
aaronmcdnz,JeffIYPK
futureverse,TheRootNetwork
futureverse,seekers_xyz
futureverse,altstatemachine
walkerworld_,TCryptoCurrency
SimDunkOfficial,MIXMARVELGAME
bitchainblok,Coin_Hub_News
bitcoinmagazine,cryptofeednews
bitcoinmagazine,JayeHarrill
bitcoinmagazine,bitcoinofficesv
bitcoinmagazine,BenjaminBitcoin
bitcoinmagazine,ZeusInCrypto
bitcoinmagazine,CryptoBusy
crypto_inside_,cryptofeednews
pancakeswap,cryptofeednews
bnbdtoken,cryptofeednews
dak,blockchain
coingecko,creepyweb3
coingecko,OrdiLaunch
coingecko,CwalletOfficial
coingecko,WhaleEverything
coingecko,kris
coingecko,_CryptoDiamond
mecryptomonk,ice_blockchain
mecryptomonk,Snowboy_Of_ION
ton_society,evaaprotocol
ton_society,ton_blockchain
ton_society,Duck_Chain
xiaweb3,TienCypress
KGeN_IO,oasys_games
btc_archive,singularity7x
robertkennedyjr,BTCFoundation
davidmarcus,iampaulgrewal
davidmarcus,lawmaster
brian_armstrong,domicoeth
brian_armstrong,balajis
brian_armstrong,OneMorePeter
brian_armstrong,EvgenyGaevoy
brian_armstrong,MrDiamondhandz1
brian_armstrong,crypto_condom
brian_armstrong,SGBarbour
brian_armstrong,katherineykwu
bakery_swap,BitcoinCats1Cat
dapdapmeup,0xPolygonDeFi
cryptoknight944,Defi_Maestro
BTC_OS,SovrynBTC
BTC_OS,modenetwork
btc_os,SovrynBTC
cointelegraph,nileshshuklas
cointelegraph,DavidFBailey
cointelegraph,singularity7x
cointelegraph,TheCryptoZombie
cointelegraph,alanlau999
coinbasewallet,Coinbase_NFT
coinbase,Coinbase_NFT
basepaint_xyz,Coinbase_NFT
artherachain,CGAAPromo
artherachain,WiseCrypto_
cgaapromo,CGAAPromo
cgaapromo,BullBearApparel
rocketbotpro,CGAAPromo
themcacrypto,TheMCACrypto
substancex_cn,nft_souffl3
atomicalsxyz,nft_souffl3
ALIENXchain,AlienSwap_NFT
lumozorg,AlienSwap_NFT
exlawyernft,MichaelRosmer
web_3space,Web_3space
nearprotocol,web3games
BEBE_BE1BE,web3dome
AlterVerseGame,web3dome
farhipaul1,web3dome
farhipaul1,navidshokriyan
Web3summit,Web3foundation
billlaboon,Web3foundation
MoonOverlord,FukuSquad100x
garibot_,TheGariNetwork
chingari_in,TheGariNetwork
creepyweb3,SuperDappAI
hashkeyhsk,dappOS_com
HashKeyHSK,dappOS_com
CryptoAlgebra,Swapr_dapp
worldofdypians,coingecko
worldofdypians,SpaceIDProtocol
__commonwealth,hodlstrong_
__Commonwealth,hodlstrong_
DzambhalaHODL,hodlonaut
Consensys,ethereumJoseph
sreeramkannan,ethereumJoseph
agespiritual,EthereumPoW
agespiritual,allinonedao
domicoeth,ensdomains
ENS_DAO,ensdomains
_jefflau,ensdomains
_jefflau,katherineykwu
_jefflau,Esk3nder
_jefflau,184eth
altcoindailyio,AltcoinDailyio
altcoindailyio,incircle_tech
altcoindailyio,MemePadSol
BetMode_io,AltcoinJase
CryptoNight420,AltcoinBernays
BNBCHAIN,0xNovabits
pionexus,SimonsCatMeme
jessepollak,CryptoSnooper_
jessepollak,TalentProtocol
jessepollak,Helghardt
jessepollak,delzennejc
jessepollak,CirrusNFT
jessepollak,crystaltaixyz
jessepollak,Fwiz
jessepollak,TakoProtocol
jessepollak,BaseShogun
thecryptolark,TheCryptoLark
marionawfal,danielwworrall
supra_labs,danielwworrall
danielwworrall,nftsales
octaloophq,taskonxyz
quainetwork,taskonxyz
venomfoundation,VenomBridge
venomfoundation,venompad
deepcoin_news,VenomBridge
deepcoin_news,w3w_exchange
deepcoin_news,VenomFoundation
venom_network_,VenomBridge
venom_network_,venompad
ag_dwf,PopsicleFinance
ag_dwf,crypto_rand
watcherguru,derktargin1
watcherguru,superphiz
watcherguru,CorexBTC
watcherguru,BenjaminBitcoin
watcherguru,CryptoKing4Ever
altcryptogems,AltCryptoGems
cryptonobler,BenitoReeberg
cryptonobler,CryptoNobler
frontrunnersx,crypto_banter
AutismCapital,WalkerAmerica
binance,Web3WithBinance
binance,ETH_Daily
binance,MintSwap_HQ
binance,heyibinance
binance,MetaMansionsNFT
binance,Port3Network
binance,CryptoJones2011
binance,tuum_io
binance,0xTrikon
binance,StarryNift
binance,Coinstages
rhett,TurboToadToken
ACCorruption,TurboToadToken
kucoincom,worldofdypians
kucoincom,kaiynne
kucoincom,MustStopMurad
kucoincom,GIGACHAD_meme
kucoincom,BscPitbull_KR
degeneratenews,WisdomMatic
metamaskdev,Consensys
worldcoindevs,worldcoin
0xMert_,rajgokal
0xMert_,poapfr
nic__carter,VARshad_
nic__carter,JDMikeJ
nic__carter,thetrocro
solsniperxyz,RaydiumProtocol
skyecosystem,RaydiumProtocol
goplussecurity,GoPlusSecurity
RazorDAO,LayerBankFi
QuillFi,LayerBankFi
mint_blockchain,Mint_Blockchain
mint_blockchain,CreditOnChain
WalletConnect,ONTOWallet
ontologynetwork,ONTOWallet
TalentProtocol,OMOSwapX
Croesus_BTC,john_j_brown
pmarca,iampaulgrewal
hosseeb,tuum_io
Tuteth_,TheFirstMint
tuteth_,TheFirstMint
certikventures,CertiK
aixbt_agent,TheCryptoDog
aixbt_agent,CryptoKaduna
aixbt_agent,ZeMariaMacedo
aixbt_agent,adriannewman21
Gaianet_AI,narayananratish
BAYC244,PentagonGamesXP
balajis,bobbinth
balajis,calilyliu
balajis,evanmoyer_eth
CoreyCaplan3,jespow
tabconf,n1ckler
tabconf,TheBlueMatt
n1ckler,pwuille
bitcoinoptech,hrdng
bitcoinoptech,pwuille
hrdng,pwuille
btckaz,NickSzabo4
coindeskpodcast,CoinDesk
paoloardoino,Tether_to
ipprofevans,ForbesCrypto
steven_ehrlich,ForbesCrypto
joesquawk,DocumentingBTC
BillAckman,DocumentingBTC
notgrubles,giacomozucco
MaxAndStacyGolf,maxkeiser
zerohedge,iamDCinvestor
zerohedge,bitstein
zerohedge,Josh_Kale
zerohedge,maxkeiser
thebitcoinconf,mikehassard
Blockworks_,rogerkver
coachkcrypto,rogerkver
cryptosr_us,rogerkver
vikrantnyc,flynfree
luganoplanb,jimmysong
luganoplanb,stephanlivera
carlabitcoin,notgrubles
carlabitcoin,natbrunell
carlabitcoin,WalkerAmerica
thedapplist,LightDotSo
Crypto_Dep,GraFunLabs
Crypto_Dep,GPTWars
crypto_dep,dio_klv
crypto_dep,GPTWars
crypto_dep,seascapenetwork
onchaintimes,ThorHartvigsen
iamDCinvestor,cecilia_hsueh
iamDCinvestor,androolloyd
iamDCinvestor,jgarzik
iamDCinvestor,boldleonidas
iamDCinvestor,Poseidon_SF
karpathy,TaschaLabs
karpathy,randombishop
coinmamba,Cryptoyieldinfo
0xSteadyLads,gametheorizing
yciyccom,wpUSDT
cryptodonalt,bhiitc1
cryptodonalt,antiprosynth
bobbinth,MihailoBjelic
UnmarshalAI,PolygonDaily
vaporfund,PolygonDaily
apecoin,derktargin1
NIETTANFT,eliherf1
diamondhandzz,EthanAFC4
diamondhandzz,TheCoffeeBlock
EthanAFC4,TheCoffeeBlock
LFG_org,stablekwon
cb_doge,ShikokuReal
cb_doge,MJFAonSol
rujira_intern,RujiraNetwork
suilendprotocol,SuiEcoNews
kaiynne,Adonaieth
kaiynne,ZeMariaMacedo
kaiynne,leptokurtic_
LamarCookal,FossGregfoss
VARshad_,FossGregfoss
bitcoinissaving,BitcoinIsSaving
iwanrabbinstein,BitcoinIsSaving
realghodl,BitcoinIsSaving
bitstein,SGBarbour
hodl15capital,AlekceiKozlov
izebel_eth,zhusu
izebel_eth,leptokurtic_
naval,hedgedhog7
naval,the_proptrader
naniXBT,hedgedhog7
mteamisloading,_jefflau
mteamisloading,ethStaker
mteamisloading,quienesfacundo
ryanberckmans,superphiz
rocket_pool,superphiz
KillaStan420,AdamBombSquad
Nakamigos,supducks
cryptoled0,WomenriseNFT
0xbim_gg,CJ_Reim
joeykrug,CJ_Reim
KieranPDennis,CJ_Reim
coredao_org,youngparrotnft
coredao_org,CJ_Reim
coredao_org,CorexBTC
coredao_org,LFGSwap
bingxofficial,APX_Finance
EntityFinance,YeehaGames
richardheartwin,PulsechainCom
thetoriant,TheToriant
filecoin,numbersprotocol
chinigives,ChiniGives
fonspromo,Fonspromo
worldofbezogia,ZogiLabs
theravencrypto,BullBearApparel
theravencrypto,TheRavenCrypto
haqabihq,TiarCrypto
memstagram_com,TiarCrypto
scottleowarrior,ScottLEOWarrior
CryptoEmpressX,angel_funsized
cryptofied1,angel_funsized
TalusNetwork,useTria
capncookie_eth,los_muertosNFT
jf3479,JungleFreaksNFT
dukeofcrypto_,JungleFreaksNFT
quanticflare,JungleFreaksNFT
ledoublea2,metalegendsnft
stevenwellens,AlphaKongsClub
smartlayer,mail3dao
padgeofficial,DIDbased
utxoglobal,DIDbased
UTXOGlobal,DIDbased
OOKCLabs,Port3Network
142pactflyfish,Port3Network
dominic_w,zCloakNetwork
buildoncyber,link3to
suinetwork,SuiGlobal
alex420sol,DigiLabsio
livingbycrypto,DigiLabsio
sacabamfun,WizardLandSui
KeystoneWallet,FewchaWallet
jayasheel22,FewchaWallet
NickNFTn,Legendareth
nswap_collabs,Nswapcom
cellulalifegame,CheersUP_NFT
SwordsnDungeons,UltiverseDAO
ShiLLin_ViLLian,Poseidon_SF
thehealthb0t,BenjaminBitcoin
bitcoinnewscom,BenjaminBitcoin
bitcoinnewscom,_CryptoDiamond
rektcapital,BenjaminBitcoin
web3withbinance,BinanceFanToken
RACA_3,USMverse
ZircuitL2,BreederDodo
BLOCKLORDS,seascapenetwork
Defi_Warhol,ACCorruption
RateX_Dex,SonicSVM
bitmetis,supernftwars
stake_unlimited,supernftwars
savingdao,supernftwars
coinexcom,cyrilXBT
coinexcom,Port3Network
0xNovabits,0xNovaSeeds
gawsstiph,GawsStiph
missy__crypto,Missy__Crypto
bybit_web3,Bybit_NFT
bybit_web3,solayer_labs
bartjh1107,pStakeFinance
htx_dao,XMetaversePro
hotcoinglobal,XMetaversePro
KiiChainio,useTria
cecilia_hsueh,MorphL2
dio_klv,klever_org
cryptoslate,Clashofnft
birdeye_so,perpprotocol
brutal_ens,perpprotocol
starrynift,TrantorDAO
dimaiglobal,TrantorDAO
arris_io,TrantorDAO
metaarenagaming,TrantorDAO
bnbchain,Clashofnft
0xmadb00,KingWilliamDefi
blknoiz06,Dynamo_Patrick
blknoiz06,SpaceIDProtocol
BLove_Coin,JokerzOfficial_
Crypto2666,JokerzOfficial_
IscoFWeb3,CryptoRank_io
roninlaunchpad,SkyMavisHQ
0xPiracyData,Wagmipad
neiljacobs,NeilJacobs
bitcoin_teddy,JAWSnAZ
rushimanche,RazorDAO
jerrybrito,cburniske
Netvrk_Official,Web3Games_Daily
theblock__,lawmaster
x23_ai,nicksdjohnson
yapglobalteam,nicksdjohnson
yapglobalteam,184eth
kentf,nicksdjohnson
iampaulgrewal,cburniske
iampaulgrewal,katherineykwu
cardosofede,leviathancrypto
theRealKiyosaki,nileshshuklas
investverified,GarethSoloway
moraliscom,paoloardoino
kevinsvenson_,TheCryptoZombie
shanicucic96,PGgroup_
gamblorcasino,PGgroup_
zhusu,KevinSusanto
waleswoosh,shanicucic96
waleswoosh,DadFucksEther
waleswoosh,KingBlackBored
waleswoosh,adriannewman21
lingocoins,labofcrypto
noahhweb3,Noahhweb3
cryptoemdarks,CryptoEmdarks
cryptoemdarks,AltGemsAlert
altgemsalert,AltGemsAlert
elonmuskpda,ElonMuskPD
mrbigwhalereal,ElonMuskPD
alexjmingolla,tuukzs
GraFunLabs,RealFlokiInu
GraFunLabs,CryptoDiffer
EraldOnChain,star_okx
IshaqNamajee,wintermute_t
defi_monk,MessariCrypto
penpiexyz_io,usualmoney
zkbaseofficial,SaaSGoOfficial
detrip_network,SaaSGoOfficial
KAPOTHEGOAT01,ayeafzal
daumeneth,SinghEth100k
sixers,cryptocom
agentfunai,cronos_chain
lakings,cryptocomarena
TheRootNetwork,futureverse
gam3sgg_,TheHarvestGame
buildwithscroll,nerve_network
suitropicalweek,SuiEcoNews
coinstats,SuiEcoNews
guardawallet,bitcoingold
GhostyCash,bitcoingold
nftg_nft,Web3_Protocol
MonkeyTiltPlay,ETH_Daily
mms_blockchain,roham
0xafonso,pumpdotflow
0xafonso,flowverse_
0xafonso,roham
nflallday,roham
Pizza_Ninjas,TO
pizza_pets,Pizza_Ninjas
pendle_fi,CurveFinance
ArtOnBlockchain,Bybit_NFT
vlaunchcom,bensbtc