Coin_Hub_News,193900
cryptofeednews,77400
cryptonews,120400
cryptodotnew,87000
CryptoNewsXBT,98900
CoinGapeMedia,77000
blockchain,1300000
solana,2800000
Cardano,1300000
Mint_Blockchain,379900
Neo_Blockchain,421600
WuBlockchain,500200
flow_blockchain,199100
ice_blockchain,2700000
ton_blockchain,2500000
TienCypress,69500
RenecBlockchain,120500
BlockChain_CK,314600
oasys_games,123600
Bitcoin,7100000
BitcoinFear,723600
BTCTN,3000000
krakenfx,1500000
BTC_Archive,1500000
BitcoinMagazine,3400000
bitcoingold,112300
BTCFoundation,373500
Bitcoin_Buddah,453700
BitcoinNewsCom,178900
cz_binance,9100000
BitcoinCats1Cat,314300
DeFi,307100
thedefiedge,284700
ViktorDefi,78600
OpenOceanGlobal,400600
TheDeFinvestor,128699
0xPolygonDeFi,293000
ALEXLabBTC,107700
phtevenstrong,100600
Defi_Maestro,53500
SovrynBTC,82300
DefiLlama,298100
PaikCapital,75900
DeFi_Dad,160700
Coinbase_NFT,518400
youngparrotnft,174400
MathVerseNFT,403600
CGAAPromo,1000000
TheMCACrypto,445000
ranpromoter,723300
RaritySniperNFT,424700
nftscan_com,144900
nft_souffl3,236000
THENFTSTAR,143900
GeoffreyHuntley,50900
AlienSwap_NFT,155900
nftfreaks,114700
Web3WithBinance,2500000
Web_3space,469800
web3games,104000
ForbesWeb3,170900
din_lol_,358700
web3dome,244900
Web3foundation,136900
FukuSquad100x,244800
Bybit_Web3,608800
saakuru_labs,197600
TheGariNetwork,186100
Web3_Protocol,105000
SuperDappAI,101500
dappOS_com,204700
Swapr_dapp,59300
BLoveDApp,155700
DappRadar,238800
hodlstrong_,50400
MrHodl,62000
americanhodl8,70200
ethereumJoseph,317800
ETH_Daily,114700
EthereumPoW,69800
ensdomains,265400
tradingview,797700
trading,101200
business,9500000
CFTC,76700
SGXGroup,143700
PokemonTCG,198700
NasdaqExchange,762400
economics,664400
Shell,570300
AltcoinsThunder,55000
AltcoinDailyio,1700000
AltcoinJase,74700
AltGemHunter,117000
AltcoinMoe,102900
AltcoinBernays,442000
AltcoinWorldcom,117300
Altcoinbuzzio,165500
token2049,112500
BscPitbull,194500
SimonsCatMeme,233300
tokenterminal,131400
AttentionToken,264600
TokenPocket_TP,695500
Ashcryptoreal,1300000
LadyofCrypto1,562400
TheCryptoLark,1200000
rovercrc,976700
TheCryptoDog,844900
cryptocom,2900000
crypto,1200000
TCryptoCurrency,63100
cryptoworld202,161900
taskonxyz,931800
MIXMARVELGAME,131800
Cobratate,10400000
User_Quant,58909
VenomBridge,395100
0asisgallery,386700
venompad,780700
w3w_exchange,443100
Venom_network_,840700
VenomFoundation,1200000
DolloxNetwork,95963
neuralink,1500000
DarkDan94485556,61325
terra_money,988800
AirdropStario,1600000
Cointelegraph,2300000
BinanceAcademy,708300
bitfinex,939000
bsc_daily,775500
Balance_Capital,56731
Definews_Info,76800
BSCNews,1100000
jack,6400000
PopsicleFinance,68600
Shibtoken,3800000
Uniswap,1300000
BNBDriver,96032
nicky_sap,81772
mattzahab,59156
DiviProject,85113
cryptonews_FR,96200
AltCryptoGems,450600
jgarzik,95100
strack_ben,62056
calebsilver,85689
BitcoinMagNL,93409
nlcryptonews,69361
realDonaldTrump,95400000
KamalaHarris,21100000
Margexcom,70750
BrendanEich,183000
iotex_io,303700
IOST_Official,273200
poweredbyicx,178200
minhokim,69800
DGBAT_Official,80312
MyMonero,83059
cryptoaicon,50406
xrplapex,77388
singularity7x,99022
BlLife_Forum,62133
temp_projects,99344
0x__One,69960
rud_alla23,52100
dubzyxbt,189600
TableQM,74556
concrete_found,63583
macmojii,70521
loqnft,76457
PizzaGuyzNFT,74359
FungibleHarry,73751
baybuz_d,50951
17konero,87346
0xRicko,71211
raizen0795,91596
highman_eth,76072
CryptoNobler,175100
usithetalk,195400
crypto_banter,423600
sander_gortjes,52091
NetworksManager,159600
AlgoFoundation,160400
OneMorePeter,50600
neiro,59300
Memeland,2300000
POPCATSOLANA,84400
TurboToadToken,97400
RealFlokiInu,665700
dogecoin,4099999
pepecoineth,710000
ixfiexchange,145000
MetaMask,1200000
boldleonidas,58300
Figment_io,53539
Optimism,714300
aeyakovenko,434200
rajgokal,258100
Polkadot,1500000
solanamobile,258700
staratlas,355200
Austin_Federa,116700
therealchaseeb,68500
orca_so,151600
solana_devs,93884
RaydiumProtocol,352700
StepFinance_,74400
at_mwagner,68142
jump_firedancer,93423
IOHK_Charles,1000000
cardano_whale,156200
cryptorecruitr,273300
CardanoFeed,92000
Cardano_CF,828600
InputOutputHK,267700
hoskytoken,80700
CryptoIRELAND1,82600
TapTools,51600
RichardMcCrackn,75300
COTInetwork,245700
LucidCiC,61420
RedotPay,62898
OptimismGov,83356
OptimismGrants,64521
CreditOnChain,65242
GoPlusSecurity,339700
MintChain_VN,58302
VitalikButerin,5500000
mintdotrich,96237
LayerBankFi,209000
conduitxyz,69176
MintSwap_HQ,61800
SuperchainEco,67585
FlamingoFinance,64670
GrabowskiDylan,68739
PolyNetwork2,64300
ONTOWallet,197000
NEOnewstoday,162500
nashsocial,62100
ghostmarketio,70816
real_Mr_google,58633
dahongfei,53500
OMOSwapX,125600
coz_official,92675
DogeRift,88329
lookonchain,496900
ki_young_ju,375700
Rewkang,338300
john_j_brown,85000
nansen_ai,313500
cryptoquant_com,243100
OnchainDataNerd,68800
News_Of_Alpha,153000
EvgenyGaevoy,57600
PeckShieldAlert,90200
Coin98Analytics,303500
Galois_Capital,68800
FTX_Official,714600
JayeHarrill,93606
NBATopShot,256000
flowverse_,69997
TheFirstMint,73300
PackripEwing,59588
roham,83500
OwnTheMomentNFT,93364
NFLALLDAY,67600
LgDoucet,67277
DiamondNFL,87838
alxocity,86549
DimensionX_NFT,64676
GaiaMarketplace,54921
jimboslicer69,53853
TimDraper,259500
BinanceLabs,670800
Amoschencheng,75849
RachelConlan,99427
TeamKhabib,2300000
SealSendEmail,326900
Snowboy_Of_ION,79580
DoctorX_Meme,676800
CertiK,464700
BingXOfficial,906300
MultiversX,993200
ice_apoll0,51842
Bybit_Official,4900000
MEXC_Official,1300000
BitMartExchange,1500000
BitMartResearch,445900
Crypto_OxineEth,334500
enterprimal,180000
HaloDotSocial,233600
bitgetglobal,4300000
LBank_Exchange,642600
DigiFinex,310100
tapfantasy2021,247600
Gateio_Startup,428400
cvl_network,71432
moondust_36,97011
hyperbridge,81125
DianaSanchez_04,888800
ranaweay,190100
kyoongbh_,337400
Karijelinek,981600
TheRylai,467900
lassetur,66200
chinapumpcoin,52900
EnterTheMythos,137700
Airdrop_Exp,147700
AhmedCH099,98341
CryptoTechDAO,50000
remitano,177200
DeFi_Tycoon,82100
Goalorious,59685
azasend,77095
WukongExchange,89697
RelendOfficial,78119
BoopDoge_Token,85692
pamp_cat,66696
WesterosCity,95731
BodenMeme,89226
Innovaz_io,92146
PropeasyGlobal,86622
Airdrop6_com,894100
MonteGlobal,79464
CyworldOfficial,87675
airdropblgspot,692200
LumozOrg,561300
MZS_Official,84281
shu_bit_,87574
ChainbaseHQ,361200
ConfidentialLyr,201700
Linewoo_,84783
KEES_KUBIC,98913
narayananratish,84399
CoinMarketCap,6400000
oasyx_official,50500
mycryptoheroes_,82740
doublejumptokyo,83188
lucianlampdefi,88500
homeverse_jp,91725
tcgverse,63800
PentagonGamesXP,528300
YGGJapan,96796
ChainColosseum_,119500
mycryptosaga_,73774
mycryptoheroes,90404
doublejump_en,78308
100trillionUSD,2000000
adam3us,618500
howardlutnick,106700
BitwiseInvest,63500
elonmusk,206400000
jespow,211100
RonPaul,1200000
slush,50100
bitcoincoreorg,173900
CaitlinLong_,234500
TheBlueMatt,73600
pwuille,98800
halfin,123400
NickSzabo4,353300
EthereumFear,126400
ksaitor,50896
RealRossU,214800
officialmcafee,1100000
_RichardTeng,315500
saylor,3700000
tyler,1000000
CuredSausage,54172
CoinDesk,3200000
litecoin,1100000
Tether_to,503400
trondao,1600000
ForbesCrypto,586600
chrispavlovski,295700
DOGE,2200000
vaneck_us,76800
TON_CAPITAL,322000
DMBrumField,82672
inkonchain,85907
SpursWomen,87000
SpursOfficial,8800000
Atleti,5500000
pdimitrakos,79473
Crypto_ISAC,75622
Bivu_D,64103
JDMikeJ,91541
RaposaCoffeeCo,77399
DocumentingBTC,981000
intocryptoverse,904200
woonomic,1100000
CryptoMichNL,745500
Davincij15,722900
maxkeiser,607500
PeterMcCormack,554600
RadarHits,342300
natbrunell,355600
naiivememe,190600
danheld,736700
coryklippsten,248900
Breedlove22,389600
TheBitcoinConf,233000
PrestonPysh,527200
jackmallers,425000
gladstein,239000
JasonPLowery,126700
hodlonaut,129400
rogerkver,746000
Poloniex,639000
Dashpay,428400
crypto_rand,312500
exodus_io,100800
monero,496500
CharlieShrem,256100
BasedBeffJezos,141600
BiconomyCom,265900
lopp,487800
Dennis_Porter_,193400
jimmysong,337700
Excellion,318600
pete_rizzo_,126300
Vivek4real_,116800
aantonop,769100
theYouthflix,647200
Jrmmabini,159100
SolanaAIWatch,62546
Kanzz_AI,94608
UniSuiCoin,94564
usualmoney,98000
RastislavBakala,55472
CryptoCred,663900
MacnBTC,546300
worldcoin,440000
Rentible_io,83319
relai_app,51800
WalkerAmerica,54800
w_s_bitcoin,68000
alanbwt,78926
HODLneverSODL,58974
SimplyBitcoinTV,92100
BitcoinEkasi,88053
GhostofWhitman,54272
coinfinity,71005
thomas_fahrer,69200
BigSeanHarris,85162
BoldBitcoin,69155
bitcoinofficesv,93403
justinsuntron,3600000
kcryptoinvest,401900
CryptooAdy,356800
CryptooIndia,354000
pushpendrakum,415300
wiseadvicesumit,296100
MrDiamondhandz1,105200
heyibinance,329400
realdanielnita,63700
CryptoKingKeyur,213400
Crypto_Jargon,57600
layer3xyz,696600
LightDotSo,156800
MustStopMurad,539500
zenqiratech,91639
GPTWars,178200
htxintern,84645
atdawn_io,52350
GwynToken,63735
OrdiLaunch,89823
TuringBitchain_,56400
JulSwap,219700
Indigo_protocol,95994
MinswapDEX,68400
MuesliSwapTeam,85407
dcspark_io,58864
De_FiSecurity,70890
maria_cosmosfi,81012
MichaelRosmer,62780
FlintWallet,84760
Milkomeda_com,58698
RangoExchange,163300
XcashX32242,55112
AITECHio,517100
milesdeutscher,575800
Route2FI,343000
alpha_pls,116300
crypthoem,126300
Dynamo_Patrick,83100
JackNiewold,116300
rektdiomedes,88800
0xngmi,139500
ThorHartvigsen,88900
DefiIgnas,115900
TaschaLabs,166200
Cryptoyieldinfo,101800
gametheorizing,111300
CryptoKaduna,179600
CryptoGirlNova,136100
LouisCooper_,79500
cyrilXBT,125500
RiddlerDeFi,52000
defiprincess_,137500
Galxe,1500000
daomaker,760900
SpaceIDProtocol,797100
lista_dao,334000
TrustWallet,4200000
ApeBond,456000
LFJ_gg,378400
BitgetWallet,3200000
odosprotocol,223200
wpUSDT,271400
VenusProtocol,228300
karl_0x,71900
crypto_condom,102600
0xPolygon,2000000
sandeepnailwal,331900
Fwiz,417200
NarbTrading,57753
0xPolygonEco,192500
MihailoBjelic,66300
PolygonDaily,84500
jdkanani,64300
DablClub,82648
0xPolygonFdn,175300
Crypto_Texan,54871
stader_polygon,84782
GainsNetwork_io,61100
0xAishwary,61342
muneeb,118200
Stacks,227300
TO,148300
Bifrost_Network,121100
XverseApp,124800
MegapontNFT,67485
godfred_xcuz,55437
trygamma,78067
StacksOrg,96904
mrkmcknz,75350
eliherf1,84055
herogamer21btc,51058
Ryder_ID,97815
btc_albert,70937
TheCoffeeBlock,56200
thebreadmakerx,51485
stablekwon,905600
Cephii1,76100
TheRyanLion,74531
RujiraNetwork,115800
speicherx,80527
cryptrus,63269
TheMoonMidas,67900
ZeMariaMacedo,60600
Shigeo808,52800
FossGregfoss,155400
BitcoinIsSaving,257200
MartyBent,244700
stephanlivera,171200
nvk,136000
IIICapital,79200
thetrocro,51900
LlamaNodes,52950
deBridgeFdn,90073
RuneKek,56400
dl_research,66875
OneBalance_io,63709
CurvedVentures,68585
blockscoutcom,84322
leptokurtic_,52800
modenetwork,282700
ether_fi,191200
ethena_labs,194000
0xsign,57587
thedulab,105300
Awawat_Trades,129800
LogFitz6,79200
coltybrah,65099
paik_michael,95437
Cheguevoblin,53900
mattomattik,87333
blackhatwizardd,147600
RealDavidMendes,50000
yourealazyfvck,69900
callicrates_,61900
hedgedhog7,80500
SaaSWiz,73252
sassal0x,260399
TrustlessState,226000
econoar,164000
haydenzadams,293900
evan_van_ness,116100
hasufl,225400
scupytrooples,98300
pythianism,105100
superphiz,57500
CurveFinance,361700
josephdelong,74800
antiprosynth,72100
lemiscate,89600
TheDogePoundNFT,178600
mypethooligan,112300
AdamBombSquad,52800
WomenandWeapons,66200
BossBeauties,68500
supducks,61400
stapleverse,83608
FightbackApes,77622
WuTigerClan,81305
WomenriseNFT,51400
VarvaraAlay,75836
andreoshea,63064
youngandsick,60749
kvollstaedt,50000
planttdaddii,65880
Coredao_Org,2200000
corechaincrypto,811000
miidasnft,173300
icecream_swap,220000
CJ_Reim,112200
CorexBTC,97890
LFGSwap,158900
BrendonSedo,69505
Pell_Network,203000
core_believer,81743
openex_network,616800
KaiaChain,187100
MUA_MUADAO,174500
Zeepr_labs,160200
TakoProtocol,90648
base,863000
BaseShogun,52388
punk1685,167700
PupsToken,71362
StableWallet_ai,88856
WSPNpayment,67664
PythNetwork,241700
APX_Finance,178100
Biswap_Dex,321100
a16zcrypto,119600
YeehaGames,113800
Polariseorg,72200
TYMIOapp,62161
ANEX_TOKEN,83506
Hela_Network,130500
HeLa_Labs,56700
EternalTidesNFT,56665
BullBearApparel,56420
savespiritair,74476
Lunar_Sphinx,79248
PulsechainCom,122400
CombatsGame,70908
JonathanSchen11,89455
RuBaRu_app,64763
taegiveaway,403600
TheToriant,1200000
DJ_GIVEAWAY2,258000
numbersprotocol,147100
ChiniGives,1000000
TNT_p2e,95151
PsyJayCrypto,380800
Fonspromo,237300
akimmemetaverse,61401
CStudioNFTs,88569
ZogiLabs,52600
DanuGames,68473
MasterMtoken,71624
jihanicorn,638100
GiveAwayHost,543700
Bang_Garr,448700
TheRavenCrypto,1100000
chitaglorya3rd,263200
TiarCrypto,421100
crypto_inez,426500
ScottLEOWarrior,510000
princesspromos_,380500
A100888,431800
angel_funsized,340500
furrincrypto,456200
cehlos,281700
TastyBonesNFT,223800
ToxicSkullsClub,98831
SVSNFT,90700
trippytoadzshow,89263
los_muertosNFT,50600
JungleFreaksNFT,81800
PrimeApePlanet,63500
metalegendsnft,55600
MetaMansionsNFT,55910
OogaVerse,59432
WilderBeastsNFT,97802
pjpp_club,60175
AlphaKongsClub,78700
YVP3DVirtual,54757
relationlabs,169800
BuildOnCyber,602800
mail3dao,86300
DIDbased,111800
Port3Network,334500
zCloakNetwork,79000
DeFinePlatform,85966
link3to,169200
zerion,331200
0xChamcha,84228
incircle_tech,75082
eut_io,78976
Rareboard,65400
UnknownApe10,336400
alienonbase,50000
SuiGlobal,461700
CetusProtocol,412200
TheForestFamNFT,133400
DigiLabsio,87600
WizardLandSui,163100
martian_wallet,362000
Alphahateu,117200
FewchaWallet,120200
Legendareth,52700
Hasmed_OG,176600
ApStationNFT,59200
injmapNFT,89860
MathWallet,925400
wallet,2000000
UltiverseDAO,807900
Nswapcom,82900
_TokenHunter,197500
CheersUP_NFT,59600
wildxyz,67302
mooarofficial,109200
HypeSaintsNFT,90786
TheBoredTea,53734
migueldeicaza,94800
terrajobst,80564
firstdrafthell,70263
praeclarum,54498
domenkozar,93086
timheuer,57806
Aaronontheweb,73388
LiveArtX,451100
sanyi_eth_,205700
MosoHQ,95400
lubi366,187000
MEFndn,73900
Duck_Chain,945500
reddio_com,100400
NFTMillionaire,150800
Poseidon_SF,62400
RealKatoOG,58200
bavugar,62200
HoizonArt,56300
leaf_swan,60900
shashxg,87119
BenjaminBitcoin,56500
KlawMachineArt,59595
Dix_0x1,94756
harshitdave,99485
SariraMerikhi,70854
katokrew,75842
reverse_visuals,79352
EricJohnArt,88391
BinanceFutures,460500
BinanceFanToken,132700
USMverse,212200
BinanceResearch,408000
BinanceBCF,102800
JesuslVivas,58600
artists_voyage,66910
highstreetworld,113100
UmairNauman_,71751
CommEXRussian,84300
PixelSweeper,86799
CryptoJones2011,51735
nkabenka89297,58311
w3meetapp,64099
feature_earning,77635
okx,5700000
BreederDodo,267300
SnapFingerX,86900
Galaxisxyz,91000
TheYuliverse,929000
w3poker_com,92986
StartaleGroup,95368
soneium,124300
YourJuicyBets,51853
Micro3io,86000
Atleta_Network,155200
playCrystalFun,103700
seascapenetwork,119100
KedarK04,59229
ValeriaStudios,225200
Kanetix22,68575
MissTechBM,89289
kinkyd247,85758
Rahim_mahtab,57388
kolyan_trend,60690
TheDegenBoii,99686
mywebacy,87100
jacobelmon,70121
Cologne_Dude,74414
Moongate,242400
Iamecki,75454
Tabichain,1500000
TopGoal_NFT,276700
carv_official,1000000
SonicSVM,480900
supernftwars,110200
_p12_,152900
KeplerHomes,95300
Nodereal_io,71500
gempegasuss,93000
Mechilambre,1000000
PurlyWyte,76600
honey808sweet,131400
ktanaka13,409700
HIOmusicapp,84086
0xNovaSeeds,136500
EARNMrewards,468400
navidshokriyan,50000
AITECHPad,64599
pruu_solana,81836
Caduceus_CAD,114000
AjaniSpeaks,50000
CryptoNoach,51100
MEW_zh,54929
gavofyork,422400
BillLaboon,69977
rphmeier,88572
paritytech,65700
the_seraya,94271
Crypto_Comms_,91675
FabianGompf,96846
lalamaguire,75491
RelayChain,94760
ink_lang,95617
kusamanetwork,251700
randombishop,67605
joepetrowski,51183
Sebowski,79652
bunniefied,429100
sof1azara03,557800
reenezive,437600
semangast,317800
CryptoKing4Ever,921100
yunaincrypto,401700
GawsStiph,269700
Missy__Crypto,529200
Bybit_NFT,153600
blumcrypto,5500000
Orbiter_Finance,683300
071_labs,55390
calilyliu,64318
MogCoinEth,103100
ponchoBASE,55850
solayer_labs,82800
pStakeFinance,65500
Bedrock_DeFi,104000
AirdropDet,2000000
WiseCrypto_,469000
XMetaversePro,81500
tuum_io,87400
useTria,85900
Steve_Walson,67561
supercell,1100000
GudPaw,73219
clemmygames,79878
PanoraExchange,71896
0xTrikon,88200
myself_eth_,86310
canaanio,53198
ChrisFIR,58417
MemePadSol,52813
chandan1_,68027
thedevwifhat,83112
FBDToken,86905
NFTG_nft,74300
nodepay_ai,962600
thearcticfund,72013
EFDevcon,79896
MEVBRIDGE09,92783
aliven_x,57828
memeficlub,3600000
bcgame,319600
PAIT_fi,89855
MorphL2,889500
hamster_kombat,13700000
Steve_Cryptoo,109700
Meta_Machina,75084
klever_io,270600
OrdifyWorld,244300
kommunitasnet,299800
Changelly_team,72800
c2worldmeta,90372
Clashofnft,80690
Assure_pro,94900
perpprotocol,88200
CwalletOfficial,153500
TrantorDAO,87000
StarryNift,548300
BTC_Alert_,87589
KingWilliamDefi,59900
wsbmod,714200
mezoteric,51200
Balancer,152600
paraswap,110500
seer_pm,69592
PresagioDev,73034
Web3jobopps,67005
AnnaRRose,68936
MentoLabs,85893
zealwallet,79821
fabric_vc,99458
DeFi_Made_Here,83546
SOFAorgDAO,53562
AngleProtocol,51800
autonolas,52883
NsuredTrading,70905
JokerzOfficial_,69700
BitrueOfficial,440000
CoinstoreExc,145900
VinDAXOfficial,81770
XT_updates,70400
XTexchange,422800
latokens,372800
PancakeSwap,2000000
AscendEX_,241100
catexofficial,97613
WAX_io,274000
alcorexchange,93081
CryptoRank_io,592800
RPLANETio,66811
splinterlands,61100
neftyblocks,54926
SkyMavisHQ,161900
PlayToEarn_com,83649
BGameAlliance,77951
Aggroed001,68614
egamers_io,62622
bc_brawlers,56413
hellopixelapp,252300
Moon1ightSt,119100
0xBeraHome,86992
LePokerGame,64099
albert_bearynx,73637
Wagmipad,86100
Warho1e,93779
ElfinGames,194400
ONEMINNFT,104200
CSpaceOfficial,128199
Bitget_zh,70400
TheApeList_,152000
web3vip,176800
eth_apple,181800
BTCsessions,144500
NeilJacobs,83800
TheGuySwann,88800
BTCGandalf,85000
francispouliot_,97800
SGBarbour,58600
parman_the,83200
giacomozucco,74300
HodlMagoo,51000
knutsvanholm,80900
bradmillscan,68400
RyanSAdams,249400
cburniske,310900
jchervinsky,136100
AriDavidPaul,229200
owocki,113100
LefterisJP,60500
Scroll_ZKP,822900
StarkWareLtd,225400
ZksyncRock,98400
Web3Games_Daily,112000
arbitrumcore,74872
MetisL2,235500
ZkAnimals,56048
coingeener,90398
MemeRadarTK,308900
SatoAiGirl,88758
CryptoStatuette,74476
mrJackLevin,425200
ChandlerGuo,168200
BeatlesPOW,68820
lawmaster,211300
Bitcoin_Punks_,53250
robertjfclarke,92769
allinonedao,79538
RealJonahBlake,77000
camel_ark,67683
CNHtOfficial,57882
AntlinkPoW,95650
trustlook,79715
ETHW_cn,57006
nicksdjohnson,82500
signinwitheth,60128
evanmoyer_eth,69728
poapfr,90432
erni_eth,64236
katherineykwu,72100
WesdEth,57543
Esk3nder,99967
GoDaddy,283600
aurbelis,96465
frensday,68783
184eth,63028
mvcura,82153
gregskril,93887
TradingComposur,290800
Crypto_Chase,175100
OmarAgag6,142200
ICT_Concepts,149100
umairs02,72900
MyFundedFX,139000
leviathancrypto,66200
TTrades_edu,130300
follis_,98900
TraderLion_,181900
FTMO_com,87900
joker_szn,66300
BlogJulianKomar,127700
the_proptrader,50700
FXStreetNews,269900
Stocktwits,1000000
lilianadeac,50000
lowtohigh55,50000
kazu_williams,50000
Mr_WasimKhan,50000
PxoSnrs,81936
DuqueJaime,50000
My2nero,50000
betotrr,50000
sathiyaseelanra,50000
garetsmyth,50000
cohenismael,50000
Dorotheeyb,50896
ighotec,50000
julca744,50000
markets,1800000
BW,2200000
opinion,545300
BloombergAsia,171600
middleeast,94300
wealth,118000
luxury,58200
BNCommodities,76758
bsurveillance,68500
tracyalloway,193600
KHASBAAT,69759
TimOBrien,50000
SECGov,757200
CFTCjohnson,96747
CFTCpham,53645
cftcmersinger,83488
CFTCcgr,52722
WhiteHouse,8800000
POTUS,36700000
SecYellen,382200
annsaphir,50676
OfficialRFDTV,51200
kadhim,69765
TomZanki,94992
peteschroeder,50519
straits_times,1200000
TradeTalks,69240
yeekaipin,89080
ICE_Markets,71700
WorldWide_Gen,58139
Macro_Hive,62416
Nasdaq,125900
valeglobal,85894
BalticExchange,52299
readtheedge_sg,67821
DrWealthAsia,65440
WorldToilet,61969
SasseurREIT,85745
enjoifriend,91317
TordReklev,73439
FrostedCaribou,60588
ChipRichey,90528
playpokemon,221400
thewossy,70950
PokemonTCGUK,57053
Breaking_Nate,60176
CopagPokemon,67870
poke_times,1900000
PokemonTCGP,141400
PokemonDEU,91900
Creatures_Inc,78937
MarketWatch,4600000
YahooFinance,1800000
TheStreet,848000
NYSE,1700000
BloombergTV,818200
WSJmarkets,929200
barronsonline,351500
SeekingAlpha,272500
BobPisani,120600
elerianm,706800
LizAnnSonders,432500
ReutersBiz,2700000
lisaabramowicz1,388000
FerroTV,178000
C_Barraud,191500
dlacalle_IA,153400
ecb,786300
Chevron,389600
exxonmobil,339900
Shell_Nigeria,90882
ShellMotorsport,76452
EnergyVoiceNews,78690
SPGCIOil,146300
bp_America,187100
energyintel,69400
Shell_India,51162
Shell_Nederland,61339
EquinorASA,80600
ronbousso1,96577
Shell_UKLtd,66106
tristanharris,193100
xstocklpicker88,55918
HovCoin,75027
LoLcoinsolmeme,50000
DoodlesOn_SOL,65536
ruggedBoy_Moon,50000
LBUNNYPUMP,64108
CTO_Soll_MEME,59585
chillguydev,52777
SinghEth100k,52748
BullyBullishSol,74235
twitchysolana,83681
DooDooButtCoin,78971
DeSci_CTO,66415
NorugGuyToken,64872
wallyonsolanaa,56753
tamas_sudar,99208
MMCrypto,1500000
TheMoonCarl,1400000
MartiniGuyYT,623200
coinbureau,904800
cryptomanran,881800
CryptoWendyO,402600
Sheldon_Sniper,515299
GarethSoloway,225500
IvanOnTech,481400
well3official,589848
ZooVerseFriends,53500
nanoblackbox,53500
IsekaiMeta,110300
Dres_Empire,92900
PGgroup_,203700
KevinSusanto,181193
AerodromeFi,80400
SPINLIFEtv,74175
CityNolimit,84498
law_jon,50172
Subli_Defi,71949
ImCryptoMessiah,353000
cryptogems555,407000
Ralvero,196800
MonstersCoins,175300
ChinaPumpWXC,285600
WhaleEverything,175200
Cryptic_Maestro,147400
WhaleOfGems,329400
ElonMuskPDA,246800
AdamEShelton,88300
DaCryptoPirates,81277
CryptoGemsCom,386800
cometcalls,81500
SnockSolana,50000
Pentosh1,827700
HuaLi_ai,50000
GeorgiePP117,81061
Dillon_Carter,99054
ai16zdao,81396
deyonte_btc,61632
pippinlovesyou,84551
whyarethis,98246
yoheinakajima,89700
somewheresy,59485
AndyAyrey,76100
thereal100x1,82908
GemsofRa,88800
KingBlackBored,52100
0xHvdes,78615
ardizor,412200
ZackMorrisSOL,94686
ponkesol,139000
MooDengSOL,85300
thelastplaysol,64113
GIGACHAD_meme,61545
Noahhweb3,179900
SolamaSPL,60699
_WOO_X,259800
cryptojack,381800
CryptoEmdarks,134900
altcryptocom,210000
AltGemsAlert,96500
CryptoThro,153800
ElonMuskPD,2400000
cryptogems_,384000
rostikdeni,74014
oddgems,104400
Coachkcrypto,132500
TheCryptoZombie,124000
jasonappleton,57600
boxmining,231300
ChicoCrypto,52989
tehMoonwalkeR,135800
CryptoDiffer,283200
KyberNetwork,295200
enjin,493000
electroneum,127600
crypt0snews,56800
JeffKirdeikis,68880
realSidhuJag,51206
AlyssaTsai,62609
Vision_Chain,61001
alanlau999,71356
TrustEvm,92813
DWFLabs,112000
adriannewman21,72080
Newmancapitalvc,95677
TobyCoinweb,84210
star_okx,102000
OnchainHQ,99237
meta_nikola,54851
Cetoex,93100
BitKanOfficial,83657
CryptoInsightsX,116500
NOWPayments_io,78600
anndylian,177900
BurnPitbull,93450
SharksCoins,189700
StealthEX_io,55684
BscPitbull_KR,86784
BNBSwap,348900
ZeusInCrypto,82889
PitbullbscI,82862
PitmagCommunity,89388
bonk_inu,364100
krakenpro,64444
wintermute_t,79500
RevolutApp,401400
UpholdInc,165900
HTX_Global,1600000
KuCoinFutures,89149
gate_io,2100000
MessariCrypto,382400
Delphi_Digital,192500
mhonkasalo,54413
Dune,195400
brave,309600
lukemulks,66201
BAT_Community,96578
taxninja,50265
BraveNightly,65954
BraveSupport,96999
BATinINDIA,61578
LucaNetz,115600
pudgypenguins,169000
QuaiNetwork,280500
bat_guilhermee,61296
magpiexyz_io,165600
iTokenWallet,107000
SaaSGoOfficial,68000
FDLabsHQ,65647
JupiterExchange,444100
Fiat24Official,91959
unichain,76900
Ctrl_Wallet,108700
Batearn,84052
bull_bnb,425700
KongBTC,136900
OldInternetFeel,279900
adinross,2600000
hasbulla_main,455400
tarsprotocol,219200
SenLummis,140300
LitestApp,75225
CabalCrypto,69500
CryptoTony__,475700
eliz883,483100
CryptoWizardd,748600
MariusCrypt0,158600
KoroushAK,369300
blockchainedbb,210200
Eunicedwong,185300
RAFAELA_RIGO_,147900
CryptoPoseidonn,137100
bloodgoodBTC,284000
scottmelker,981300
blockchainchick,124700
TheDustyBC,217000
CryptoBusy,151800
TKralow,128900
CryptoSavingExp,117400
Jamyies,94900
cryptobratan1,72154
CryptoMo,72200
MarzellCrypto,81731
Bitcoinsensus,113700
cryptoseacom,53904
CryptoKaleo,668200
trader1sz,629900
gainzy222,264500
CryptoDonAlt,621000
Trader_XO,483600
Tradermayne,476800
HsakaTrades,559800
IncomeSharks,573800
RookieXBT,465300
crypto_bitlord7,369100
inversebrah,326200
kris,340800
cryptocomnft,499000
cronos_chain,280200
LoadedLions_CDC,99100
VVS_finance,138300
TectonicFi,87800
ericnode,55500
cryptocom_BR,70500
_CryptoDiamond,76734
Savin0x,83220
CroHodler,81951
onchain_wallet,70857
cryptocomarena,150300
nishantkumar07,81082
resate_z,93025
WonderyMedia,111200
JeffGrocottNYC,61605
antoniabmassa,95723
isabelletanlee,86189
cfb_18,60417
LionelRALaurent,86343
ElleBeyoud,77379
MargiMurphy,73659
jeffstone500,96009
justinaknope,94977
bill_allison,50933
flufworld,69500
aaronmcdnz,73663
futureverse,62700
nftsales,75960
partybear,81166
metabloxx,68305
walkerworld_,79342
seekers_xyz,94278
altstatemachine,92520
JeffIYPK,77126
ATEMCarClub,68726
jmetcalfe_,83434
SharaSenderoff,76236
H2OTOKE,57717
MMTaxiService,66027
edenfinex,65224
VitraStudios,93786
EcoWattOfficial,60709
EquilibriaDevs,99602
DegenEcosystem,89905
AceDCoin,95490
Cucumbercryptox,97119
TheHarvestGame,50900
drtipsreal,78300
nerve_network,73100
HuntingnftTeam,59843
getpipcom,156400
Coinstages,174400
binary_x,383600
SevenXVentures,90899
SuiEcoNews,201600
MysticTreasure_,81848
RangersProtocol,109000
MetaCeneGame,417300
PlanXGameWallet,134200
NiftyIN_NFT,52100
ownity_io,55414
AtmanRebelFlame,95439
ArkForge_gg,87247
Caliverse_io,68500
0xC_Web3,89620
SimSportsClub,84261
SimDunkOfficial,94479
ACG_WORLDS_,187700
0xMantle,864300
FauciToken,84093
aptos_ind,81488
KittenWif_SOL,83787
bitchainblok,50380
bitcoinmagazine,50380
crypto_inside_,50380
pancakeswap,50380
bnbdtoken,50380
cryptomarkets_,50380
voiceofweb3_,50380
dak,1400000
dallascowboys,4400000
ryanbethencourt,50380
onderyazici,106700
ade_cryptt,60564
kittypunchxyz,50380
pumpdotflow,59252
mms_Blockchain,93127
coingecko,2100000
CryptoNecton,84300
mecryptomonk,98257
ton_society,1000000
Tleubayev,96605
xiaweb3,50380
LucaPoggi7,85524
chainx_org,89100
KGeN_IO,145200
btc_archive,50380
nikolaushoff,50380
robertkennedyjr,50380
telcoin,100800
Jamie1Coutts,68955
davidmarcus,182900
brian_armstrong,1400000
bakery_swap,593100
Daniel_Bowl,77265
buttercupcrypto,71626
thedefinvestor,50380
CryptoSnooper_,56767
indivfr,95870
dapdapmeup,50380
XLinkbtc,95797
jelena_noble,83462
IBCHodler,94359
cryptoknight944,55044
BTC_OS,60100
btc_os,50380
Darrenlautf,151300
vivekventures,50380
cointelegraph,50380
coinbasewallet,50380
coinbase,6100000
basepaint_xyz,65702
artherachain,213100
cgaapromo,50380
rocketbotpro,60801
themcacrypto,50380
substancex_cn,50380
atomicalsxyz,57353
ALIENXchain,278000
lumozorg,50380
exlawyernft,84502
ashcryptoreal,50380
mooncat2878,59600
web_3space,50380
nearprotocol,50380
kbwofficial,98442
sandy_carter,92300
alina_krt,73062
tmel0211,60694
NodeOpsHQ,56654
nihaovand,75255
BEBE_BE1BE,80300
AlterVerseGame,248600
farhipaul1,65613
Web3summit,71134
billlaboon,50380
salamander_12,50380
MoonOverlord,299600
garibot_,50380
chingari_in,50380
creepyweb3,68464
hashkeyhsk,50380
HashKeyHSK,292000
CryptoAlgebra,67663
Lingocoins,666000
worldofdypians,312900
__commonwealth,50380
__Commonwealth,73498
bitcoin1zation,63027
corybates1895,84463
BitcoinAdolf,52031
DzambhalaHODL,78908
Consensys,323100
sreeramkannan,67825
agespiritual,50380
domicoeth,67091
ENS_DAO,76843
_jefflau,66443
realhptp80i,91738
PnutKingSolana,74564
altcoindailyio,50380
BetMode_io,70251
uniultra_xyz,401900
defi_frens,95434
CryptoNight420,55770
bluwhaleai,264500
shieldeum,50380
movementlabsxyz,836800
BNBCHAIN,3600000
pionexus,50380
jessepollak,167600
SatoshiFlipper,220500
labofcrypto,53761
thecryptolark,50380
marionawfal,50380
supra_labs,50380
danielwworrall,68533
octaloophq,50380
icphub_PH,50450
quainetwork,50380
venomfoundation,50380
deepcoin_news,181500
venom_network_,50380
bscnfunding,50380
ag_dwf,71300
hard_protocol,75000
watcherguru,50380
altcryptogems,50380
cameron,734400
zooko,86000
blake7jeong,50380
robo40022783,81161
cryptonobler,50380
tookerkurlson,52000
frontrunnersx,54557
AutismCapital,585300
binance,13700000
ItsJotaHache,53109
rhett,99564
ACCorruption,51075
kucoincom,3400000
bitstamp,50380
coinbaseassets,50380
degeneratenews,50380
metamaskdev,50380
worldcoindevs,92407
buffalu__,54979
LawrenceCrypt0,84854
0xMert_,164100
fucory,50380
WilderWorld,246400
nic__carter,396900
osnon_chris,76374
solsniperxyz,88028
skyecosystem,50380
JoseFebles10,70585
thebrianjung,83900
BoocoinIO,91217
cardanosolar,50380
TheFairies_,79214
taptools,50380
bigpeyYT,66582
iohk_charles,50380
goplussecurity,50380
RazorDAO,183700
QuillFi,82415
quillfi,50380
mint_blockchain,50380
WalletConnect,128100
ontologynetwork,50380
TalentProtocol,130300
Croesus_BTC,73000
stakingrewards,50380
R_Mani87,87618
0x94305,83341
pmarca,1600000
hosseeb,97300
banana_mac_,50380
illphil1877,53872
Tuteth_,90974
tuteth_,50380
Helghardt,59578
certikventures,50380
xLaunchpadApp,63990
bitmartresearch,50380
bitmart_zh,50380
tokensaler,63783
CryptoSohail_,92138
beyasty79,52932
zygofrog,50380
wifimapapp,84400
Goku_Memecoin,63539
banih_siam,50380
KCFingers,79414
aixbt_agent,80900
mrbobtoken,75384
Sara_hweb3,76652
chainbaseva,50380
Gaianet_AI,352200
rikrok_wagmi,71240
BAYC244,90213
iEmmaLiu,53500
21milofficial,73873
balajis,1000000
answrguy,66881
Bitwise_Europe,96707
CoreyCaplan3,58742
sfchronicle,308600
tabconf,66973
n1ckler,95254
bitcoinoptech,87153
hrdng,53692
btckaz,50380
dotkrueger,112400
HODL15Capital,72100
coindeskpodcast,50380
paoloardoino,249300
ipprofevans,50380
steven_ehrlich,50380
joesquawk,50380
BillAckman,1500000
notgrubles,61100
MaxAndStacyGolf,69437
NickTimiraos,374700
zerohedge,1900000
TheBTCTherapist,166400
FAWNL,62010
fawnl,50380
godblessbtcfilm,50380
FruitScientist,97836
swan,50380
JJjanzen22,50239
thebitcoinconf,50380
steve_hanke,772300
dylandotdotdot,89160
bsword,98483
rleder,73605
mars_quaking,64907
thewholeframe,97198
LucasMaddy,64104
Blockworks_,400900
coachkcrypto,50380
cryptosr_us,50380
vikrantnyc,87060
flynfree,59727
freQniKs,79587
sercanmatrixai,60259
stack_wallet,55371
raknak,69686
luganoplanb,50380
utxoalien,50380
bachelorking77,50380
HodlMarbella,80352
0xShual,97008
damskotrades,117700
joenakamoto,50380
GrantCardone,1100000
grantcardone,50380
carlabitcoin,71100
titcoinpodcast,73546
Vikingobitcoin9,78178
AlekceiKozlov,99092
ColorCombos,89005
nileshshuklas,56614
Maddy2Crypto,87517
cryptonewshindi,65700
pushpendratech,50380
cryptoaceyt,74519
MilanAr97154294,73791
Himansh31015466,77045
thedapplist,55444
WutalkWu,67425
cabalofcrypto,50380
Crypto_Dep,111700
crypto_dep,50380
stavax_io,50380
LauriannaCrypto,89008
docXBT,66528
ACryptoniano,93973
cryptoitalia_io,52667
CryptoKoryo,65102
cryptokoryo,50380
ayyyeandy,73221
onchaintimes,53949
iamDCinvestor,250200
karpathy,1100000
coinmamba,306500
0xSteadyLads,90006
cryptogirlnova,50380
CryptoMemePanda,86581
EdgeofChaosGame,76509
evaaprotocol,85700
WisdomMatic,229400
GravityChain,50380
e722ad1bfc54469,50380
BinanceAfrica,279200
yciyccom,97268
Adonaieth,67866
delzennejc,98007
cryptodonalt,50380
pentosh1,50380
ssaasquatch,50380
smtgpt,138700
0xaishwary,50380
MattLGov,61396
therzlt,50380
agglayerzone,88773
bobbinth,52434
UnmarshalAI,77600
vaporfund,50380
ishikamukerji,50380
apecoin,431200
danielfogg,80548
NIETTANFT,93757
Welsh_Community,71624
dominik_btc,76892
ykpfx,51149
diamondhandzz,65842
EthanAFC4,73097
LFG_org,129199
apufriend,72053
cb_doge,1000000
trader6t,50380
rujira_intern,50380
WenRUJIdotfun,89154
tiimmyy2x,98672
kunoo,168300
suilendprotocol,95400
kaiynne,128300
jscryptopia,72651
LamarCookal,70174
VARshad_,74552
bitcoinissaving,50380
iwanrabbinstein,50380
realghodl,50380
JohnArnoldFndtn,83600
bitstein,112700
ktlannan,94255
_joerodgers,50442
tracewoodgrains,58294
LiquidBase_,77957
JakeWolki,75932
btcombs11,50380
hodl15capital,50380
jan3com,50380
arceris_btc,50380
Sercapez,72423
izebel_eth,66109
MapleLeafCap,74863
hourglasshq,89544
CNBC,5200000
securitize,50380
SkyEcosystem,286200
contango_xyz,50380
jack226RE,57643
moseskagan,152900
naval,2600000
naniXBT,58700
robustus,96077
derekbrown,65773
AnettRolikova,61653
mteamisloading,64466
libsoftiktok,3800000
whothefew,90232
dunleavy89,69395
ashleighschap,73561
thegrifft,75011
olof1_,79011
prestonjbyrne,58000
ShizzyAizawa,68248
CirrusNFT,92600
dflowprotocol,50380
ryanberckmans,61480
rocket_pool,50380
ethStaker,51335
ZunamiProtocol,72272
mrblocktw,85500
llamaonthebrink,74749
Ntfacts,93918
crystaltaixyz,82628
ethresearchbot,81675
token_logic,50380
karratcoin,51126
KillaStan420,57025
gasfairy_eth,89983
Nakamigos,56579
cryptoled0,50380
lukebelmar,587700
0xbim_gg,50380
joeykrug,58364
KieranPDennis,97509
coredao_org,50380
kingston00111,54216
ummacoin,72704
gtmcknight,77780
bingxofficial,50380
Collin_McCune,80516
EntityFinance,50380
PRINCE1267910,50380
demonopol_rwa,50380
veda_vital,82617
richardheartwin,50380
TylerLumbardeth,104200
thetoriant,50380
codegeex_ai,83951
nov3atitan,93804
filecoin,50380
chinigives,50380
vidnoz_official,66880
Cavitator_eth,82531
fonspromo,50380
worldofbezogia,82969
giveawayhost,50380
bang_garr,50380
theravencrypto,50380
haqabihq,50380
memstagram_com,50380
NimaYamini,98082
scottleowarrior,50380
apexdexofficial,50380
CryptoEmpressX,114100
CRYPTOFIED1,445400
cryptofied1,50380
TalusNetwork,50043
capncookie_eth,63239
jf3479,50380
dukeofcrypto_,65346
quanticflare,73097
ledoublea2,68078
azgilar,92717
stevenwellens,55591
smartlayer,50380
padgeofficial,50380
utxoglobal,50380
UTXOGlobal,88177
OOKCLabs,70292
142pactflyfish,50380
dominic_w,208600
fantv_official,50380
buildoncyber,50380
neocrypto20,92558
emanabio,50380
suinetwork,50380
bluefinapp,93100
alex420sol,50380
livingbycrypto,80518
sacabamfun,91965
AriesMarkets,118200
KeystoneWallet,50380
jayasheel22,50380
NickNFTn,50380
Stavax_io,50380
nswap_collabs,50380
cellulalifegame,317100
SwordsnDungeons,74600
CioSilv,71109
paid_network,159700
tuukzs,62579
ZF_lab,89100
oooo_money,133400
GEN2AI,67054
playlegiontcg,50380
ShiLLin_ViLLian,132400
CryptoGuy_777,63235
sharafi_eth,67500
Antgev_eth,66136
NFTCHESUS,65600
thehealthb0t,521400
bitcoinnewscom,50380
rektcapital,519000
web3withbinance,50380
RACA_3,618600
usmverse,50380
23decboi,86477
heywhy118,97043
mullet_eth,86243
burgercitiesbar,50380
PairedWorld,66635
pairedworld,50380
ZircuitL2,460900
coinmarketcap,50380
bananatvbot,50380
ankr,233300
BLOCKLORDS,319200
drcreeptic,81214
alemaonftreal,50380
BenitoReeberg,71167
gateio_startup,50380
Haylesdefi,97754
Defi_Warhol,78976
ahm_dinho,65851
RateX_Dex,67785
bitmetis,50380
stake_unlimited,60322
savingdao,50380
coinexcom,375100
InternetH0F,3500000
0xNovabits,116200
eesee_io,563700
famlcoin,65058
ainetwork_ai,89935
Alex_CryptoKing,80150
TheKusamarian,50466
Somnia_Network,317500
ShikokuReal,68215
forgive_me_AI,77704
corgil_,50380
gawsstiph,50380
missy__crypto,50380
chiitan7407,2100000
metyacom,570000
becometa,77285
4uaicrypto,50380
bybit_web3,50380
anujshankar95,60933
bartjh1107,50380
dr_g888,50380
btcdotfun,76601
htx_dao,50380
hotcoinglobal,50380
KiiChainio,61955
Bixosinc,59576
cecilia_hsueh,53455
joeytadiar,72740
zignaly,50604
wallstreetbets,844500
klever_org,70079
dio_klv,62087
CryptoSlate,57200
cryptoslate,50380
usdx_money,83535
birdeye_so,72400
brutal_ens,89761
starrynift,50380
dimaiglobal,50380
arris_io,50380
metaarenagaming,50380
tkvresearch,50380
bnbchain,50380
0xmadb00,50380
blknoiz06,50380
xeonusify,50380
BLove_Coin,286400
Crypto2666,76452
IscoFWeb3,87505
roninlaunchpad,99804
0xAA_Science,134200
thomasdoubting1,50380
KingdomlyApp,59396
0xPiracyData,56475
limitlesssauce,89500
BananaS31_bsc,78189
leoninweb3,50380
DarknightHimslf,61621
SkylineETH,187900
meta_alchemist,52182
DavidFBailey,53100
JAWSnAZ,78297
neiljacobs,50380
abundantmines,50380
seawhattf,71179
elinagarbrr,50380
bitcoin_teddy,50380
mikehassard,86977
AndreTechExec,53769
BitcoinChilango,50380
bitcoin_chicken,75315
MikeStillBTC,52850
ihate1999,71183
reallygodwin,84671
Josh_Kale,60497
matthewstoller,147500
rushimanche,68984
jerrybrito,58500
ChiefOfTelos,83323
androolloyd,83428
Netvrk_Official,109600
W3X_NW,96455
DefiantNews,113400
theblock__,50380
Web3Adam,90222
x23_ai,66597
yapglobalteam,50380
kentf,66335
iampaulgrewal,78700
crypto_chase,50380
omaragag6,50380
trader_cha,69314
cardosofede,86043
theRealKiyosaki,2600000
cperruna,155700
coinbureautr,50380
remarks,84450
investverified,50380
moraliscom,57236
kevinsvenson_,50380
shanicucic96,167000
gamblorcasino,50380
zhusu,608100
Tugs_ETH,62396
waleswoosh,108400
imcryptomessiah,50380
beast_ico,65540
yourcryptodj,154400
MJFAonSol,58119
comparemcap,87269
lingocoins,50380
Holiverse,138700
lightcrypto,186200
derktargin1,81594
noahhweb3,50380
bensbtc,98174
cryptoemdarks,50380
altgemsalert,50380
elonmuskpda,50380
mrbigwhalereal,50380
DyorLabs_,74400
gunzillagames,50380
metasignals,50380
official_trakx,96600
gane5h,66513
vutran54,97927
alexjmingolla,80731
LumiBitL2,84008
GraFunLabs,65627
EraldOnChain,75329
kingcrypto66,91025
crypto_jelly_4,88293
bnbswap,50380
IshaqNamajee,72733
Emergence_Conf,52283
RexNik3,91289
RippleXrpie,275800
defi_monk,89658
humafinance,134800
quienesfacundo,50004
BogDrakonov,87394
Abstract_Eco,211800
beausecurity,64528
FoxyPenguinApe,64704
foxypenguinape,50380
NewsyJohnson,63351
BrookHawaii,67247
eigenpiexyz_io,50380
penpiexyz_io,50380
zkbaseofficial,50380
detrip_network,50380
SodiKing_01,72176
7etsuo,55200
YieldBricks,92300
Crypt0Catalysts,63800
robert_bancsok,94294
cryptostreamhub,50380
koroushak,50380
ayeafzal,84843
mexc_official,50380
rafaela_rigo_,50380
AltstreetBet,146000
diecero,78557
pepe_btc,89390
bgarlinghouse,923100
MisterSpread,74500
piovincenzo_,81600
Web3Spud,78472
magiccraftgame,50380
globeeyenews,50380
thecryptomonk,163400
bhiitc1,51302
TylerDurden,156300
KAPOTHEGOAT01,258700
RealCryptoFace1,176100
Cryptowok1,62006
CryptoKans,72100
TheThnd,83527
benarmstrongsx,50380
ByzGeneral,218200
DropCoinXRPL,87632
daumeneth,56600
Albert_TheVoid,87388
sixers,2300000
tokentraxx,50380
leugimcro,88507
PUUSHDABUTTON,83219
agentfunai,57241
theballzgame,98808
ATT_GNCZL,91610
_cryptodiamond,50380
lakers,50380
lakings,60000
HefSaffa,77306
TheRootNetwork,65900
CryptoLeven,52284
nftbroo,90193
Polemos_io,69100
gam3sgg_,50380
crypto_Abao,96863
buildwithscroll,50380
DadFucksEther,51293
suitropicalweek,87910
coinstats,64828
guardawallet,91823
GhostyCash,85409
nftg_nft,50380
MonkeyTiltPlay,159300
mms_blockchain,50380
0xafonso,94080
nflallday,75380
amityage,66380
nopara73,62572
paulitoi,60086
tychoonnasch,81380
danoprey,63971
Pizza_Ninjas,69703
leonidasnft,50080
pizza_pets,67500
ralfthechef,97421
pendle_fi,138800
ArtOnBlockchain,114600
solamaspl,67080
CRYPTOHABEBEt,98013
vlaunchcom,51000
puffymemetoken,61707
digitektrades,50380
