Cobratate,Coin_Hub_News
User_Quant,Coin_Hub_News
VenomBridge,Coin_Hub_News
0asisgallery,Coin_Hub_News
venompad,Coin_Hub_News
w3w_exchange,Coin_Hub_News
Venom_network_,Coin_Hub_News
VenomFoundation,Coin_Hub_News
DolloxNetwork,Coin_Hub_News
neuralink,Coin_Hub_News
DarkDan94485556,Coin_Hub_News
terra_money,Coin_Hub_News
AirdropStario,Coin_Hub_News
Cointelegraph,cryptofeednews
BTCTN,cryptofeednews
crypto,cryptofeednews
BinanceAcademy,cryptofeednews
bitfinex,cryptofeednews
bsc_daily,cryptofeednews
Balance_Capital,cryptofeednews
Definews_Info,cryptofeednews
BSCNews,cryptofeednews
jack,cryptofeednews
PopsicleFinance,cryptofeednews
Shibtoken,cryptofeednews
Uniswap,cryptofeednews
BNBDriver,cryptofeednews
nicky_sap,cryptonews
mattzahab,cryptonews
DiviProject,cryptonews
cryptonews_FR,cryptonews
AltCryptoGems,cryptonews
jgarzik,cryptonews
strack_ben,cryptonews
calebsilver,cryptonews
BitcoinMagNL,cryptonews
nlcryptonews,cryptonews
realDonaldTrump,cryptonews
KamalaHarris,cryptonews
Margexcom,cryptonews
BrendanEich,cryptonews
iotex_io,cryptodotnew
IOST_Official,cryptodotnew
poweredbyicx,cryptodotnew
minhokim,cryptodotnew
DGBAT_Official,cryptodotnew
MyMonero,cryptodotnew
cryptoaicon,cryptodotnew
xrplapex,cryptodotnew
singularity7x,cryptodotnew
BlLife_Forum,cryptodotnew
temp_projects,cryptodotnew
0x__One,cryptodotnew
rud_alla23,cryptodotnew
dubzyxbt,CryptoNewsXBT
TableQM,CryptoNewsXBT
concrete_found,CryptoNewsXBT
macmojii,CryptoNewsXBT
loqnft,CryptoNewsXBT
PizzaGuyzNFT,CryptoNewsXBT
FungibleHarry,CryptoNewsXBT
baybuz_d,CryptoNewsXBT
17konero,CryptoNewsXBT
0xRicko,CryptoNewsXBT
raizen0795,CryptoNewsXBT
highman_eth,CryptoNewsXBT
CryptoNobler,CoinGapeMedia
WuBlockchain,CoinGapeMedia
usithetalk,CoinGapeMedia
crypto_banter,CoinGapeMedia
sander_gortjes,CoinGapeMedia
NetworksManager,CoinGapeMedia
AlgoFoundation,CoinGapeMedia
OneMorePeter,blockchain
neiro,blockchain
Memeland,blockchain
POPCATSOLANA,blockchain
TurboToadToken,blockchain
Shibtoken,blockchain
RealFlokiInu,blockchain
dogecoin,blockchain
pepecoineth,blockchain
ixfiexchange,blockchain
MetaMask,blockchain
boldleonidas,blockchain
Figment_io,blockchain
Optimism,blockchain
aeyakovenko,solana
rajgokal,solana
Polkadot,solana
solanamobile,solana
staratlas,solana
Austin_Federa,solana
therealchaseeb,solana
orca_so,solana
solana_devs,solana
RaydiumProtocol,solana
StepFinance_,solana
at_mwagner,solana
jump_firedancer,solana
IOHK_Charles,Cardano
cardano_whale,Cardano
cryptorecruitr,Cardano
CardanoFeed,Cardano
Cardano_CF,Cardano
InputOutputHK,Cardano
hoskytoken,Cardano
CryptoIRELAND1,Cardano
TapTools,Cardano
RichardMcCrackn,Cardano
COTInetwork,Cardano
LucidCiC,Cardano
RedotPay,Mint_Blockchain
OptimismGov,Mint_Blockchain
OptimismGrants,Mint_Blockchain
CreditOnChain,Mint_Blockchain
GoPlusSecurity,Mint_Blockchain
MintChain_VN,Mint_Blockchain
tokenterminal,Mint_Blockchain
VitalikButerin,Mint_Blockchain
mintdotrich,Mint_Blockchain
LayerBankFi,Mint_Blockchain
conduitxyz,Mint_Blockchain
MintSwap_HQ,Mint_Blockchain
SuperchainEco,Mint_Blockchain
FlamingoFinance,Neo_Blockchain
GrabowskiDylan,Neo_Blockchain
PolyNetwork2,Neo_Blockchain
ONTOWallet,Neo_Blockchain
NEOnewstoday,Neo_Blockchain
nashsocial,Neo_Blockchain
ghostmarketio,Neo_Blockchain
real_Mr_google,Neo_Blockchain
dahongfei,Neo_Blockchain
OMOSwapX,Neo_Blockchain
coz_official,Neo_Blockchain
DogeRift,Neo_Blockchain
lookonchain,WuBlockchain
ki_young_ju,WuBlockchain
Rewkang,WuBlockchain
john_j_brown,WuBlockchain
nansen_ai,WuBlockchain
cryptoquant_com,WuBlockchain
OnchainDataNerd,WuBlockchain
News_Of_Alpha,WuBlockchain
EvgenyGaevoy,WuBlockchain
PeckShieldAlert,WuBlockchain
Coin98Analytics,WuBlockchain
Galois_Capital,WuBlockchain
FTX_Official,WuBlockchain
JayeHarrill,WuBlockchain
NBATopShot,flow_blockchain
flowverse_,flow_blockchain
TheFirstMint,flow_blockchain
PackripEwing,flow_blockchain
roham,flow_blockchain
OwnTheMomentNFT,flow_blockchain
NFLALLDAY,flow_blockchain
LgDoucet,flow_blockchain
DiamondNFL,flow_blockchain
alxocity,flow_blockchain
DimensionX_NFT,flow_blockchain
GaiaMarketplace,flow_blockchain
jimboslicer69,flow_blockchain
TimDraper,ice_blockchain
BinanceLabs,ice_blockchain
Cobratate,ice_blockchain
Amoschencheng,ice_blockchain
RachelConlan,ice_blockchain
TeamKhabib,ice_blockchain
SealSendEmail,ice_blockchain
Snowboy_Of_ION,ice_blockchain
DoctorX_Meme,ice_blockchain
CertiK,ice_blockchain
BingXOfficial,ice_blockchain
MultiversX,ice_blockchain
ice_apoll0,ice_blockchain
Bybit_Official,ton_blockchain
MEXC_Official,ton_blockchain
BitMartExchange,ton_blockchain
BitMartResearch,ton_blockchain
Crypto_OxineEth,ton_blockchain
enterprimal,ton_blockchain
HaloDotSocial,ton_blockchain
bitgetglobal,ton_blockchain
LBank_Exchange,ton_blockchain
DigiFinex,ton_blockchain
tapfantasy2021,ton_blockchain
Gateio_Startup,ton_blockchain
cvl_network,ton_blockchain
moondust_36,TienCypress
hyperbridge,TienCypress
DianaSanchez_04,TienCypress
ranaweay,TienCypress
kyoongbh_,TienCypress
Karijelinek,TienCypress
TheRylai,TienCypress
lassetur,TienCypress
chinapumpcoin,TienCypress
EnterTheMythos,TienCypress
Airdrop_Exp,TienCypress
AhmedCH099,TienCypress
CryptoTechDAO,TienCypress
remitano,RenecBlockchain
DeFi_Tycoon,RenecBlockchain
Goalorious,RenecBlockchain
azasend,RenecBlockchain
WukongExchange,RenecBlockchain
RelendOfficial,RenecBlockchain
TheCryptoLark,RenecBlockchain
BoopDoge_Token,RenecBlockchain
pamp_cat,RenecBlockchain
WesterosCity,RenecBlockchain
BodenMeme,RenecBlockchain
Innovaz_io,RenecBlockchain
PropeasyGlobal,RenecBlockchain
Airdrop6_com,BlockChain_CK
MonteGlobal,BlockChain_CK
CyworldOfficial,BlockChain_CK
airdropblgspot,BlockChain_CK
LumozOrg,BlockChain_CK
MZS_Official,BlockChain_CK
shu_bit_,BlockChain_CK
ChainbaseHQ,BlockChain_CK
ConfidentialLyr,BlockChain_CK
Linewoo_,BlockChain_CK
KEES_KUBIC,BlockChain_CK
narayananratish,BlockChain_CK
CoinMarketCap,BlockChain_CK
moondust_36,TienCypress
hyperbridge,TienCypress
DianaSanchez_04,TienCypress
ranaweay,TienCypress
kyoongbh_,TienCypress
Karijelinek,TienCypress
TheRylai,TienCypress
lassetur,TienCypress
chinapumpcoin,TienCypress
EnterTheMythos,TienCypress
Airdrop_Exp,TienCypress
AhmedCH099,TienCypress
remitano,RenecBlockchain
DeFi_Tycoon,RenecBlockchain
Goalorious,RenecBlockchain
azasend,RenecBlockchain
WukongExchange,RenecBlockchain
RelendOfficial,RenecBlockchain
TheCryptoLark,RenecBlockchain
BoopDoge_Token,RenecBlockchain
pamp_cat,RenecBlockchain
WesterosCity,RenecBlockchain
BodenMeme,RenecBlockchain
Innovaz_io,RenecBlockchain
Airdrop6_com,BlockChain_CK
MonteGlobal,BlockChain_CK
CyworldOfficial,BlockChain_CK
airdropblgspot,BlockChain_CK
LumozOrg,BlockChain_CK
MZS_Official,BlockChain_CK
shu_bit_,BlockChain_CK
ChainbaseHQ,BlockChain_CK
ConfidentialLyr,BlockChain_CK
Linewoo_,BlockChain_CK
oasyx_official,oasys_games
mycryptoheroes_,oasys_games
doublejumptokyo,oasys_games
lucianlampdefi,oasys_games
homeverse_jp,oasys_games
tcgverse,oasys_games
PentagonGamesXP,oasys_games
YGGJapan,oasys_games
ChainColosseum_,oasys_games
mycryptosaga_,oasys_games
mycryptoheroes,oasys_games
doublejump_en,oasys_games
100trillionUSD,Bitcoin
adam3us,Bitcoin
howardlutnick,Bitcoin
BitwiseInvest,Bitcoin
elonmusk,Bitcoin
jespow,Bitcoin
RonPaul,Bitcoin
slush,Bitcoin
bitcoincoreorg,Bitcoin
CaitlinLong_,Bitcoin
TheBlueMatt,Bitcoin
pwuille,Bitcoin
halfin,Bitcoin
NickSzabo4,Bitcoin
BTC_Archive,BitcoinFear
100trillionUSD,BitcoinFear
EthereumFear,BitcoinFear
ksaitor,BitcoinFear
RealRossU,BitcoinFear
adam3us,BitcoinFear
elonmusk,BitcoinFear
officialmcafee,BitcoinFear
_RichardTeng,BitcoinFear
saylor,BitcoinFear
cz_binance,BitcoinFear
tyler,BitcoinFear
CuredSausage,BitcoinFear
BitcoinMagazine,BTCTN
Cointelegraph,BTCTN
CoinMarketCap,BTCTN
CoinDesk,BTCTN
Bitcoin,BTCTN
litecoin,BTCTN
Tether_to,BTCTN
trondao,BTCTN
blockchain,BTCTN
ForbesCrypto,BTCTN
chrispavlovski,BTCTN
DOGE,BTCTN
vaneck_us,BTCTN
TON_CAPITAL,BTCTN
jespow,krakenfx
DMBrumField,krakenfx
inkonchain,krakenfx
SpursWomen,krakenfx
SpursOfficial,krakenfx
Atleti,krakenfx
pdimitrakos,krakenfx
Crypto_ISAC,krakenfx
Bivu_D,krakenfx
Optimism,krakenfx
BitcoinMagazine,krakenfx
JDMikeJ,krakenfx
RaposaCoffeeCo,krakenfx
saylor,BTC_Archive
AltcoinDailyio,BTC_Archive
100trillionUSD,BTC_Archive
DocumentingBTC,BTC_Archive
intocryptoverse,BTC_Archive
woonomic,BTC_Archive
CryptoMichNL,BTC_Archive
Davincij15,BTC_Archive
maxkeiser,BTC_Archive
PeterMcCormack,BTC_Archive
RadarHits,BTC_Archive
natbrunell,BTC_Archive
naiivememe,BTC_Archive
DocumentingBTC,BitcoinMagazine
danheld,BitcoinMagazine
maxkeiser,BitcoinMagazine
coryklippsten,BitcoinMagazine
Breedlove22,BitcoinMagazine
natbrunell,BitcoinMagazine
TheBitcoinConf,BitcoinMagazine
PrestonPysh,BitcoinMagazine
adam3us,BitcoinMagazine
jackmallers,BitcoinMagazine
gladstein,BitcoinMagazine
JasonPLowery,BitcoinMagazine
hodlonaut,BitcoinMagazine
BTCTN,bitcoingold
litecoin,bitcoingold
rogerkver,bitcoingold
Poloniex,bitcoingold
Dashpay,bitcoingold
crypto_rand,bitcoingold
exodus_io,bitcoingold
bitfinex,bitcoingold
monero,bitcoingold
CharlieShrem,bitcoingold
blockchain,bitcoingold
BasedBeffJezos,bitcoingold
BiconomyCom,bitcoingold
DocumentingBTC,BTCFoundation
lopp,BTCFoundation
BTCTN,BTCFoundation
adam3us,BTCFoundation
TheBitcoinConf,BTCFoundation
Dennis_Porter_,BTCFoundation
jimmysong,BTCFoundation
Excellion,BTCFoundation
pete_rizzo_,BTCFoundation
rogerkver,BTCFoundation
Vivek4real_,BTCFoundation
blockchain,BTCFoundation
aantonop,BTCFoundation
theYouthflix,Bitcoin_Buddah
Jrmmabini,Bitcoin_Buddah
SolanaAIWatch,Bitcoin_Buddah
Kanzz_AI,Bitcoin_Buddah
woonomic,Bitcoin_Buddah
BTC_Archive,Bitcoin_Buddah
UniSuiCoin,Bitcoin_Buddah
usualmoney,Bitcoin_Buddah
RastislavBakala,Bitcoin_Buddah
CryptoCred,Bitcoin_Buddah
MacnBTC,Bitcoin_Buddah
worldcoin,Bitcoin_Buddah
Rentible_io,Bitcoin_Buddah
relai_app,BitcoinNewsCom
WalkerAmerica,BitcoinNewsCom
w_s_bitcoin,BitcoinNewsCom
alanbwt,BitcoinNewsCom
HODLneverSODL,BitcoinNewsCom
SimplyBitcoinTV,BitcoinNewsCom
BitcoinEkasi,BitcoinNewsCom
GhostofWhitman,BitcoinNewsCom
coinfinity,BitcoinNewsCom
thomas_fahrer,BitcoinNewsCom
BigSeanHarris,BitcoinNewsCom
BoldBitcoin,BitcoinNewsCom
bitcoinofficesv,BitcoinNewsCom
CoinMarketCap,cz_binance
justinsuntron,cz_binance
kcryptoinvest,cz_binance
CryptooAdy,cz_binance
CryptooIndia,cz_binance
pushpendrakum,cz_binance
wiseadvicesumit,cz_binance
MrDiamondhandz1,cz_binance
heyibinance,cz_binance
realdanielnita,cz_binance
CryptoKingKeyur,cz_binance
BinanceAcademy,cz_binance
Crypto_Jargon,cz_binance
theYouthflix,Bitcoin_Buddah
Jrmmabini,Bitcoin_Buddah
SolanaAIWatch,Bitcoin_Buddah
Kanzz_AI,Bitcoin_Buddah
woonomic,Bitcoin_Buddah
BTC_Archive,Bitcoin_Buddah
UniSuiCoin,Bitcoin_Buddah
usualmoney,Bitcoin_Buddah
RastislavBakala,Bitcoin_Buddah
CryptoCred,Bitcoin_Buddah
MacnBTC,Bitcoin_Buddah
worldcoin,Bitcoin_Buddah
Rentible_io,Bitcoin_Buddah
relai_app,BitcoinNewsCom
WalkerAmerica,BitcoinNewsCom
w_s_bitcoin,BitcoinNewsCom
alanbwt,BitcoinNewsCom
HODLneverSODL,BitcoinNewsCom
SimplyBitcoinTV,BitcoinNewsCom
BitcoinEkasi,BitcoinNewsCom
GhostofWhitman,BitcoinNewsCom
coinfinity,BitcoinNewsCom
thomas_fahrer,BitcoinNewsCom
BigSeanHarris,BitcoinNewsCom
BoldBitcoin,BitcoinNewsCom
bitcoinofficesv,BitcoinNewsCom
layer3xyz,BitcoinCats1Cat
LightDotSo,BitcoinCats1Cat
elonmusk,BitcoinCats1Cat
MustStopMurad,BitcoinCats1Cat
zenqiratech,BitcoinCats1Cat
GPTWars,BitcoinCats1Cat
htxintern,BitcoinCats1Cat
atdawn_io,BitcoinCats1Cat
GwynToken,BitcoinCats1Cat
OrdiLaunch,BitcoinCats1Cat
TuringBitchain_,BitcoinCats1Cat
JulSwap,BitcoinCats1Cat
phtevenstrong,DeFi
Indigo_protocol,DeFi
MinswapDEX,DeFi
MuesliSwapTeam,DeFi
dcspark_io,DeFi
De_FiSecurity,DeFi
maria_cosmosfi,DeFi
MichaelRosmer,DeFi
FlintWallet,DeFi
Milkomeda_com,DeFi
RangoExchange,DeFi
XcashX32242,DeFi
AITECHio,DeFi
milesdeutscher,thedefiedge
Route2FI,thedefiedge
TheDeFinvestor,thedefiedge
alpha_pls,thedefiedge
crypthoem,thedefiedge
Dynamo_Patrick,thedefiedge
JackNiewold,thedefiedge
rektdiomedes,thedefiedge
0xngmi,thedefiedge
ThorHartvigsen,thedefiedge
DefiIgnas,thedefiedge
TaschaLabs,thedefiedge
Cryptoyieldinfo,thedefiedge
gametheorizing,thedefiedge
thedefiedge,ViktorDefi
TheDeFinvestor,ViktorDefi
crypthoem,ViktorDefi
Dynamo_Patrick,ViktorDefi
rektdiomedes,ViktorDefi
CryptoKaduna,ViktorDefi
alpha_pls,ViktorDefi
ThorHartvigsen,ViktorDefi
CryptoGirlNova,ViktorDefi
LouisCooper_,ViktorDefi
cyrilXBT,ViktorDefi
RiddlerDeFi,ViktorDefi
Route2FI,ViktorDefi
defiprincess_,ViktorDefi
Galxe,OpenOceanGlobal
daomaker,OpenOceanGlobal
SpaceIDProtocol,OpenOceanGlobal
lista_dao,OpenOceanGlobal
TrustWallet,OpenOceanGlobal
ApeBond,OpenOceanGlobal
LFJ_gg,OpenOceanGlobal
bsc_daily,OpenOceanGlobal
BitgetWallet,OpenOceanGlobal
odosprotocol,OpenOceanGlobal
wpUSDT,OpenOceanGlobal
TokenPocket_TP,OpenOceanGlobal
VenusProtocol,OpenOceanGlobal
thedefiedge,TheDeFinvestor
crypthoem,TheDeFinvestor
Dynamo_Patrick,TheDeFinvestor
rektdiomedes,TheDeFinvestor
alpha_pls,TheDeFinvestor
ThorHartvigsen,TheDeFinvestor
CryptoKaduna,TheDeFinvestor
karl_0x,TheDeFinvestor
crypto_condom,TheDeFinvestor
ViktorDefi,TheDeFinvestor
DefiIgnas,TheDeFinvestor
LouisCooper_,TheDeFinvestor
RiddlerDeFi,TheDeFinvestor
0xngmi,TheDeFinvestor
0xPolygon,0xPolygonDeFi
sandeepnailwal,0xPolygonDeFi
Fwiz,0xPolygonDeFi
NarbTrading,0xPolygonDeFi
0xPolygonEco,0xPolygonDeFi
MihailoBjelic,0xPolygonDeFi
PolygonDaily,0xPolygonDeFi
jdkanani,0xPolygonDeFi
DablClub,0xPolygonDeFi
0xPolygonFdn,0xPolygonDeFi
Crypto_Texan,0xPolygonDeFi
stader_polygon,0xPolygonDeFi
GainsNetwork_io,0xPolygonDeFi
0xAishwary,0xPolygonDeFi
muneeb,ALEXLabBTC
Stacks,ALEXLabBTC
TO,ALEXLabBTC
Bifrost_Network,ALEXLabBTC
XverseApp,ALEXLabBTC
MegapontNFT,ALEXLabBTC
godfred_xcuz,ALEXLabBTC
trygamma,ALEXLabBTC
StacksOrg,ALEXLabBTC
mrkmcknz,ALEXLabBTC
eliherf1,ALEXLabBTC
herogamer21btc,ALEXLabBTC
Ryder_ID,ALEXLabBTC
btc_albert,ALEXLabBTC
Route2FI,phtevenstrong
crypthoem,phtevenstrong
TheDeFinvestor,phtevenstrong
Dynamo_Patrick,phtevenstrong
rektdiomedes,phtevenstrong
0xngmi,phtevenstrong
alpha_pls,phtevenstrong
crypto_condom,phtevenstrong
ThorHartvigsen,phtevenstrong
JackNiewold,phtevenstrong
TheCoffeeBlock,phtevenstrong
Cryptoyieldinfo,phtevenstrong
ViktorDefi,phtevenstrong
thebreadmakerx,phtevenstrong
stablekwon,Defi_Maestro
thedefiedge,Defi_Maestro
Route2FI,Defi_Maestro
Cephii1,Defi_Maestro
TheRyanLion,Defi_Maestro
RujiraNetwork,Defi_Maestro
speicherx,Defi_Maestro
cryptrus,Defi_Maestro
TheMoonMidas,Defi_Maestro
terra_money,Defi_Maestro
ZeMariaMacedo,Defi_Maestro
TheDeFinvestor,Defi_Maestro
Shigeo808,Defi_Maestro
PrestonPysh,SovrynBTC
adam3us,SovrynBTC
gladstein,SovrynBTC
JasonPLowery,SovrynBTC
jackmallers,SovrynBTC
Excellion,SovrynBTC
FossGregfoss,SovrynBTC
BitcoinIsSaving,SovrynBTC
MartyBent,SovrynBTC
jimmysong,SovrynBTC
stephanlivera,SovrynBTC
nvk,SovrynBTC
IIICapital,SovrynBTC
thetrocro,SovrynBTC
0xngmi,DefiLlama
LlamaNodes,DefiLlama
deBridgeFdn,DefiLlama
RuneKek,DefiLlama
dl_research,DefiLlama
OneBalance_io,DefiLlama
CurvedVentures,DefiLlama
usualmoney,DefiLlama
blockscoutcom,DefiLlama
leptokurtic_,DefiLlama
Optimism,DefiLlama
modenetwork,DefiLlama
ether_fi,DefiLlama
ethena_labs,DefiLlama
0xsign,DefiLlama
thedulab,PaikCapital
Awawat_Trades,PaikCapital
LogFitz6,PaikCapital
coltybrah,PaikCapital
paik_michael,PaikCapital
Cheguevoblin,PaikCapital
mattomattik,PaikCapital
blackhatwizardd,PaikCapital
RealDavidMendes,PaikCapital
yourealazyfvck,PaikCapital
callicrates_,PaikCapital
hedgedhog7,PaikCapital
SaaSWiz,PaikCapital
stablekwon,Defi_Maestro
thedefiedge,Defi_Maestro
Route2FI,Defi_Maestro
Cephii1,Defi_Maestro
TheRyanLion,Defi_Maestro
RujiraNetwork,Defi_Maestro
speicherx,Defi_Maestro
cryptrus,Defi_Maestro
TheMoonMidas,Defi_Maestro
terra_money,Defi_Maestro
ZeMariaMacedo,Defi_Maestro
TheDeFinvestor,Defi_Maestro
Shigeo808,Defi_Maestro
PrestonPysh,SovrynBTC
adam3us,SovrynBTC
gladstein,SovrynBTC
JasonPLowery,SovrynBTC
jackmallers,SovrynBTC
Excellion,SovrynBTC
FossGregfoss,SovrynBTC
0xngmi,DefiLlama
LlamaNodes,DefiLlama
deBridgeFdn,DefiLlama
RuneKek,DefiLlama
dl_research,DefiLlama
OneBalance_io,DefiLlama
CurvedVentures,DefiLlama
usualmoney,DefiLlama
blockscoutcom,DefiLlama
leptokurtic_,DefiLlama
Optimism,DefiLlama
modenetwork,DefiLlama
ether_fi,DefiLlama
ethena_labs,DefiLlama
0xsign,DefiLlama
thedulab,PaikCapital
Awawat_Trades,PaikCapital
LogFitz6,PaikCapital
coltybrah,PaikCapital
paik_michael,PaikCapital
Cheguevoblin,PaikCapital
mattomattik,PaikCapital
blackhatwizardd,PaikCapital
RealDavidMendes,PaikCapital
yourealazyfvck,PaikCapital
callicrates_,PaikCapital
hedgedhog7,PaikCapital
SaaSWiz,PaikCapital
sassal0x,DeFi_Dad
TrustlessState,DeFi_Dad
econoar,DeFi_Dad
haydenzadams,DeFi_Dad
evan_van_ness,DeFi_Dad
hasufl,DeFi_Dad
scupytrooples,DeFi_Dad
pythianism,DeFi_Dad
superphiz,DeFi_Dad
CurveFinance,DeFi_Dad
josephdelong,DeFi_Dad
antiprosynth,DeFi_Dad
lemiscate,DeFi_Dad
TheDogePoundNFT,Coinbase_NFT
mypethooligan,Coinbase_NFT
AdamBombSquad,Coinbase_NFT
WomenandWeapons,Coinbase_NFT
BossBeauties,Coinbase_NFT
supducks,Coinbase_NFT
stapleverse,Coinbase_NFT
FightbackApes,Coinbase_NFT
WuTigerClan,Coinbase_NFT
WomenriseNFT,Coinbase_NFT
VarvaraAlay,Coinbase_NFT
andreoshea,Coinbase_NFT
youngandsick,Coinbase_NFT
kvollstaedt,Coinbase_NFT
planttdaddii,Coinbase_NFT
Coredao_Org,youngparrotnft
corechaincrypto,youngparrotnft
miidasnft,youngparrotnft
kcryptoinvest,youngparrotnft
icecream_swap,youngparrotnft
CJ_Reim,youngparrotnft
CorexBTC,youngparrotnft
LFGSwap,youngparrotnft
BrendonSedo,youngparrotnft
Pell_Network,youngparrotnft
core_believer,youngparrotnft
openex_network,youngparrotnft
KaiaChain,youngparrotnft
MUA_MUADAO,MathVerseNFT
Zeepr_labs,MathVerseNFT
TakoProtocol,MathVerseNFT
base,MathVerseNFT
BaseShogun,MathVerseNFT
punk1685,MathVerseNFT
PupsToken,MathVerseNFT
StableWallet_ai,MathVerseNFT
WSPNpayment,MathVerseNFT
PythNetwork,MathVerseNFT
APX_Finance,MathVerseNFT
Biswap_Dex,MathVerseNFT
a16zcrypto,MathVerseNFT
YeehaGames,MathVerseNFT
Polariseorg,CGAAPromo
TYMIOapp,CGAAPromo
ANEX_TOKEN,CGAAPromo
Hela_Network,CGAAPromo
HeLa_Labs,CGAAPromo
EternalTidesNFT,CGAAPromo
BullBearApparel,CGAAPromo
savespiritair,CGAAPromo
Lunar_Sphinx,CGAAPromo
PulsechainCom,CGAAPromo
CombatsGame,CGAAPromo
JonathanSchen11,CGAAPromo
RuBaRu_app,CGAAPromo
taegiveaway,TheMCACrypto
TheToriant,TheMCACrypto
DJ_GIVEAWAY2,TheMCACrypto
numbersprotocol,TheMCACrypto
ChiniGives,TheMCACrypto
TNT_p2e,TheMCACrypto
PsyJayCrypto,TheMCACrypto
Fonspromo,TheMCACrypto
akimmemetaverse,TheMCACrypto
CStudioNFTs,TheMCACrypto
ZogiLabs,TheMCACrypto
DanuGames,TheMCACrypto
MasterMtoken,TheMCACrypto
jihanicorn,ranpromoter
GiveAwayHost,ranpromoter
Bang_Garr,ranpromoter
TheRavenCrypto,ranpromoter
chitaglorya3rd,ranpromoter
TiarCrypto,ranpromoter
crypto_inez,ranpromoter
ScottLEOWarrior,ranpromoter
princesspromos_,ranpromoter
A100888,ranpromoter
angel_funsized,ranpromoter
furrincrypto,ranpromoter
cehlos,ranpromoter
TastyBonesNFT,RaritySniperNFT
ToxicSkullsClub,RaritySniperNFT
SVSNFT,RaritySniperNFT
trippytoadzshow,RaritySniperNFT
los_muertosNFT,RaritySniperNFT
JungleFreaksNFT,RaritySniperNFT
PrimeApePlanet,RaritySniperNFT
metalegendsnft,RaritySniperNFT
MetaMansionsNFT,RaritySniperNFT
OogaVerse,RaritySniperNFT
WilderBeastsNFT,RaritySniperNFT
pjpp_club,RaritySniperNFT
AlphaKongsClub,RaritySniperNFT
YVP3DVirtual,RaritySniperNFT
relationlabs,nftscan_com
BuildOnCyber,nftscan_com
mail3dao,nftscan_com
DIDbased,nftscan_com
Port3Network,nftscan_com
ensdomains,nftscan_com
zCloakNetwork,nftscan_com
DeFinePlatform,nftscan_com
link3to,nftscan_com
zerion,nftscan_com
0xChamcha,nftscan_com
incircle_tech,nftscan_com
eut_io,nftscan_com
Rareboard,nftscan_com
UnknownApe10,nft_souffl3
alienonbase,nft_souffl3
Galxe,nft_souffl3
SuiGlobal,nft_souffl3
CetusProtocol,nft_souffl3
TheForestFamNFT,nft_souffl3
DigiLabsio,nft_souffl3
WizardLandSui,nft_souffl3
martian_wallet,nft_souffl3
Alphahateu,nft_souffl3
FewchaWallet,nft_souffl3
Legendareth,nft_souffl3
Hasmed_OG,nft_souffl3
ApStationNFT,nft_souffl3
injmapNFT,nft_souffl3
MathWallet,THENFTSTAR
BitgetWallet,THENFTSTAR
HaloDotSocial,THENFTSTAR
wallet,THENFTSTAR
UltiverseDAO,THENFTSTAR
Nswapcom,THENFTSTAR
_TokenHunter,THENFTSTAR
CheersUP_NFT,THENFTSTAR
DIDbased,THENFTSTAR
wildxyz,THENFTSTAR
mooarofficial,THENFTSTAR
HypeSaintsNFT,THENFTSTAR
TheBoredTea,THENFTSTAR
relationlabs,nftscan_com
BuildOnCyber,nftscan_com
mail3dao,nftscan_com
DIDbased,nftscan_com
Port3Network,nftscan_com
ensdomains,nftscan_com
zCloakNetwork,nftscan_com
DeFinePlatform,nftscan_com
link3to,nftscan_com
zerion,nftscan_com
0xChamcha,nftscan_com
incircle_tech,nftscan_com
eut_io,nftscan_com
Rareboard,nftscan_com
UnknownApe10,nft_souffl3
alienonbase,nft_souffl3
Galxe,nft_souffl3
SuiGlobal,nft_souffl3
CetusProtocol,nft_souffl3
TheForestFamNFT,nft_souffl3
DigiLabsio,nft_souffl3
WizardLandSui,nft_souffl3
martian_wallet,nft_souffl3
Alphahateu,nft_souffl3
FewchaWallet,nft_souffl3
Legendareth,nft_souffl3
Hasmed_OG,nft_souffl3
ApStationNFT,nft_souffl3
injmapNFT,nft_souffl3
MathWallet,THENFTSTAR
BitgetWallet,THENFTSTAR
HaloDotSocial,THENFTSTAR
wallet,THENFTSTAR
UltiverseDAO,THENFTSTAR
Nswapcom,THENFTSTAR
_TokenHunter,THENFTSTAR
CheersUP_NFT,THENFTSTAR
DIDbased,THENFTSTAR
wildxyz,THENFTSTAR
mooarofficial,THENFTSTAR
HypeSaintsNFT,THENFTSTAR
TheBoredTea,THENFTSTAR
migueldeicaza,GeoffreyHuntley
terrajobst,GeoffreyHuntley
firstdrafthell,GeoffreyHuntley
praeclarum,GeoffreyHuntley
domenkozar,GeoffreyHuntley
timheuer,GeoffreyHuntley
Aaronontheweb,GeoffreyHuntley
MathWallet,AlienSwap_NFT
Galxe,AlienSwap_NFT
SpaceIDProtocol,AlienSwap_NFT
LightDotSo,AlienSwap_NFT
LiveArtX,AlienSwap_NFT
wallet,AlienSwap_NFT
BuildOnCyber,AlienSwap_NFT
sanyi_eth_,AlienSwap_NFT
MosoHQ,AlienSwap_NFT
lubi366,AlienSwap_NFT
MEFndn,AlienSwap_NFT
Duck_Chain,AlienSwap_NFT
reddio_com,AlienSwap_NFT
NFTMillionaire,nftfreaks
Poseidon_SF,nftfreaks
RealKatoOG,nftfreaks
bavugar,nftfreaks
HoizonArt,nftfreaks
leaf_swan,nftfreaks
shashxg,nftfreaks
BenjaminBitcoin,nftfreaks
KlawMachineArt,nftfreaks
Dix_0x1,nftfreaks
harshitdave,nftfreaks
SariraMerikhi,nftfreaks
katokrew,nftfreaks
reverse_visuals,nftfreaks
EricJohnArt,nftfreaks
BinanceFutures,Web3WithBinance
BinanceAcademy,Web3WithBinance
BinanceFanToken,Web3WithBinance
USMverse,Web3WithBinance
BinanceResearch,Web3WithBinance
BinanceBCF,Web3WithBinance
JesuslVivas,Web3WithBinance
artists_voyage,Web3WithBinance
highstreetworld,Web3WithBinance
UmairNauman_,Web3WithBinance
CommEXRussian,Web3WithBinance
PixelSweeper,Web3WithBinance
CryptoJones2011,Web3WithBinance
nkabenka89297,Web_3space
taskonxyz,Web_3space
ton_blockchain,Web_3space
w3meetapp,Web_3space
feature_earning,Web_3space
Bybit_Web3,Web_3space
okx,Web_3space
Galxe,web3games
BreederDodo,web3games
SnapFingerX,web3games
Galaxisxyz,web3games
TheYuliverse,web3games
w3poker_com,web3games
StartaleGroup,web3games
soneium,web3games
YourJuicyBets,web3games
Micro3io,web3games
Atleta_Network,web3games
playCrystalFun,web3games
seascapenetwork,web3games
KedarK04,ForbesWeb3
ValeriaStudios,ForbesWeb3
Kanetix22,ForbesWeb3
MissTechBM,ForbesWeb3
kinkyd247,ForbesWeb3
Rahim_mahtab,ForbesWeb3
kolyan_trend,ForbesWeb3
TheDegenBoii,ForbesWeb3
mywebacy,ForbesWeb3
jacobelmon,ForbesWeb3
Cologne_Dude,ForbesWeb3
Moongate,ForbesWeb3
Iamecki,ForbesWeb3
Tabichain,din_lol_
TopGoal_NFT,din_lol_
carv_official,din_lol_
BuildOnCyber,din_lol_
SonicSVM,din_lol_
supernftwars,din_lol_
TheYuliverse,din_lol_
BreederDodo,din_lol_
_p12_,din_lol_
Port3Network,din_lol_
KeplerHomes,din_lol_
Nodereal_io,din_lol_
gempegasuss,din_lol_
Mechilambre,din_lol_
PurlyWyte,web3dome
honey808sweet,web3dome
ktanaka13,web3dome
HIOmusicapp,web3dome
0xNovaSeeds,web3dome
EARNMrewards,web3dome
navidshokriyan,web3dome
AITECHPad,web3dome
pruu_solana,web3dome
Caduceus_CAD,web3dome
AjaniSpeaks,web3dome
CryptoNoach,web3dome
MEW_zh,web3dome
gavofyork,Web3foundation
Polkadot,Web3foundation
BillLaboon,Web3foundation
rphmeier,Web3foundation
paritytech,Web3foundation
the_seraya,Web3foundation
Crypto_Comms_,Web3foundation
FabianGompf,Web3foundation
lalamaguire,Web3foundation
RelayChain,Web3foundation
ink_lang,Web3foundation
kusamanetwork,Web3foundation
randombishop,Web3foundation
joepetrowski,Web3foundation
Sebowski,Web3foundation
bunniefied,FukuSquad100x
sof1azara03,FukuSquad100x
reenezive,FukuSquad100x
TheRavenCrypto,FukuSquad100x
semangast,FukuSquad100x
princesspromos_,FukuSquad100x
TiarCrypto,FukuSquad100x
TheToriant,FukuSquad100x
CryptoKing4Ever,FukuSquad100x
yunaincrypto,FukuSquad100x
GawsStiph,FukuSquad100x
Missy__Crypto,FukuSquad100x
DJ_GIVEAWAY2,FukuSquad100x
Bybit_Official,Bybit_Web3
Web_3space,Bybit_Web3
Bybit_NFT,Bybit_Web3
CryptoTechDAO,Bybit_Web3
blumcrypto,Bybit_Web3
Orbiter_Finance,Bybit_Web3
071_labs,Bybit_Web3
calilyliu,Bybit_Web3
MogCoinEth,Bybit_Web3
ponchoBASE,Bybit_Web3
solayer_labs,Bybit_Web3
pStakeFinance,Bybit_Web3
Bedrock_DeFi,Bybit_Web3
AirdropDet,saakuru_labs
BitMartResearch,saakuru_labs
Crypto_OxineEth,saakuru_labs
Airdrop6_com,saakuru_labs
WiseCrypto_,saakuru_labs
XMetaversePro,saakuru_labs
tuum_io,saakuru_labs
useTria,saakuru_labs
MetaMask,saakuru_labs
Steve_Walson,saakuru_labs
supercell,saakuru_labs
GudPaw,saakuru_labs
bunniefied,FukuSquad100x
sof1azara03,FukuSquad100x
reenezive,FukuSquad100x
TheRavenCrypto,FukuSquad100x
semangast,FukuSquad100x
princesspromos_,FukuSquad100x
TiarCrypto,FukuSquad100x
TheToriant,FukuSquad100x
CryptoKing4Ever,FukuSquad100x
yunaincrypto,FukuSquad100x
GawsStiph,FukuSquad100x
Missy__Crypto,FukuSquad100x
DJ_GIVEAWAY2,FukuSquad100x
Bybit_Official,Bybit_Web3
Web_3space,Bybit_Web3
Bybit_NFT,Bybit_Web3
CryptoTechDAO,Bybit_Web3
blumcrypto,Bybit_Web3
Orbiter_Finance,Bybit_Web3
071_labs,Bybit_Web3
calilyliu,Bybit_Web3
MogCoinEth,Bybit_Web3
ponchoBASE,Bybit_Web3
solayer_labs,Bybit_Web3
pStakeFinance,Bybit_Web3
Bedrock_DeFi,Bybit_Web3
AirdropDet,saakuru_labs
BitMartResearch,saakuru_labs
Crypto_OxineEth,saakuru_labs
Airdrop6_com,saakuru_labs
WiseCrypto_,saakuru_labs
XMetaversePro,saakuru_labs
tuum_io,saakuru_labs
useTria,saakuru_labs
MetaMask,saakuru_labs
Steve_Walson,saakuru_labs
supercell,saakuru_labs
GudPaw,saakuru_labs
clemmygames,saakuru_labs
PanoraExchange,TheGariNetwork
0xTrikon,TheGariNetwork
myself_eth_,TheGariNetwork
canaanio,TheGariNetwork
CharlieShrem,TheGariNetwork
jgarzik,TheGariNetwork
ChrisFIR,TheGariNetwork
MemePadSol,TheGariNetwork
chandan1_,TheGariNetwork
thedevwifhat,TheGariNetwork
FBDToken,Web3_Protocol
NFTG_nft,Web3_Protocol
nodepay_ai,Web3_Protocol
thearcticfund,Web3_Protocol
EFDevcon,Web3_Protocol
MEVBRIDGE09,Web3_Protocol
aliven_x,Web3_Protocol
memeficlub,Web3_Protocol
bcgame,Web3_Protocol
PAIT_fi,Web3_Protocol
blumcrypto,Web3_Protocol
MorphL2,Web3_Protocol
hamster_kombat,Web3_Protocol
MEXC_Official,SuperDappAI
Steve_Cryptoo,SuperDappAI
Meta_Machina,SuperDappAI
klever_io,SuperDappAI
OrdifyWorld,SuperDappAI
kommunitasnet,SuperDappAI
Changelly_team,SuperDappAI
c2worldmeta,dappOS_com
Clashofnft,dappOS_com
Port3Network,dappOS_com
Assure_pro,dappOS_com
perpprotocol,dappOS_com
CwalletOfficial,dappOS_com
supernftwars,dappOS_com
TrantorDAO,dappOS_com
StarryNift,dappOS_com
BTC_Alert_,dappOS_com
KingWilliamDefi,dappOS_com
wsbmod,dappOS_com
mezoteric,dappOS_com
Balancer,Swapr_dapp
paraswap,Swapr_dapp
seer_pm,Swapr_dapp
PresagioDev,Swapr_dapp
VitalikButerin,Swapr_dapp
Web3jobopps,Swapr_dapp
AnnaRRose,Swapr_dapp
MentoLabs,Swapr_dapp
zealwallet,Swapr_dapp
fabric_vc,Swapr_dapp
DeFi_Made_Here,Swapr_dapp
SOFAorgDAO,Swapr_dapp
AngleProtocol,Swapr_dapp
autonolas,Swapr_dapp
NsuredTrading,BLoveDApp
JokerzOfficial_,BLoveDApp
BitrueOfficial,BLoveDApp
CoinstoreExc,BLoveDApp
VinDAXOfficial,BLoveDApp
XT_updates,BLoveDApp
XTexchange,BLoveDApp
latokens,BLoveDApp
PancakeSwap,BLoveDApp
Uniswap,BLoveDApp
AscendEX_,BLoveDApp
BiconomyCom,BLoveDApp
catexofficial,BLoveDApp
WAX_io,DappRadar
alcorexchange,DappRadar
CryptoRank_io,DappRadar
RPLANETio,DappRadar
splinterlands,DappRadar
neftyblocks,DappRadar
SkyMavisHQ,DappRadar
PlayToEarn_com,DappRadar
BGameAlliance,DappRadar
Aggroed001,DappRadar
egamers_io,DappRadar
bc_brawlers,DappRadar
hellopixelapp,DappRadar
Moon1ightSt,hodlstrong_
0xBeraHome,hodlstrong_
LePokerGame,hodlstrong_
albert_bearynx,hodlstrong_
Wagmipad,hodlstrong_
Warho1e,hodlstrong_
ElfinGames,hodlstrong_
ONEMINNFT,hodlstrong_
CSpaceOfficial,hodlstrong_
Bitget_zh,hodlstrong_
TheApeList_,hodlstrong_
web3vip,hodlstrong_
eth_apple,hodlstrong_
hodlonaut,MrHodl
BitcoinIsSaving,MrHodl
MartyBent,MrHodl
nvk,MrHodl
stephanlivera,MrHodl
BTCsessions,MrHodl
NeilJacobs,MrHodl
TheGuySwann,MrHodl
BTCGandalf,MrHodl
americanhodl8,MrHodl
francispouliot_,MrHodl
SGBarbour,MrHodl
parman_the,MrHodl
giacomozucco,MrHodl
hodlonaut,americanhodl8
MartyBent,americanhodl8
BitcoinIsSaving,americanhodl8
FossGregfoss,americanhodl8
nvk,americanhodl8
BTCsessions,americanhodl8
stephanlivera,americanhodl8
NeilJacobs,americanhodl8
HodlMagoo,americanhodl8
TheGuySwann,americanhodl8
BTCGandalf,americanhodl8
knutsvanholm,americanhodl8
bradmillscan,americanhodl8
thetrocro,americanhodl8
hodlonaut,MrHodl
BitcoinIsSaving,MrHodl
MartyBent,MrHodl
nvk,MrHodl
stephanlivera,MrHodl
BTCsessions,MrHodl
NeilJacobs,MrHodl
TheGuySwann,MrHodl
BTCGandalf,MrHodl
americanhodl8,MrHodl
francispouliot_,MrHodl
SGBarbour,MrHodl
parman_the,MrHodl
giacomozucco,MrHodl
hodlonaut,americanhodl8
MartyBent,americanhodl8
BitcoinIsSaving,americanhodl8
FossGregfoss,americanhodl8
nvk,americanhodl8
BTCsessions,americanhodl8
stephanlivera,americanhodl8
NeilJacobs,americanhodl8
HodlMagoo,americanhodl8
TheGuySwann,americanhodl8
BTCGandalf,americanhodl8
knutsvanholm,americanhodl8
bradmillscan,americanhodl8
thetrocro,americanhodl8
sassal0x,ethereumJoseph
RyanSAdams,ethereumJoseph
cburniske,ethereumJoseph
TrustlessState,ethereumJoseph
econoar,ethereumJoseph
evan_van_ness,ethereumJoseph
jchervinsky,ethereumJoseph
haydenzadams,ethereumJoseph
AriDavidPaul,ethereumJoseph
hasufl,ethereumJoseph
superphiz,ethereumJoseph
pythianism,ethereumJoseph
owocki,ethereumJoseph
LefterisJP,ethereumJoseph
bsc_daily,ETH_Daily
Orbiter_Finance,ETH_Daily
Scroll_ZKP,ETH_Daily
StarkWareLtd,ETH_Daily
ZksyncRock,ETH_Daily
Web3Games_Daily,ETH_Daily
arbitrumcore,ETH_Daily
MetisL2,ETH_Daily
ZkAnimals,ETH_Daily
PolygonDaily,ETH_Daily
coingeener,ETH_Daily
MemeRadarTK,ETH_Daily
SatoAiGirl,ETH_Daily
CryptoStatuette,ETH_Daily
mrJackLevin,EthereumPoW
ChandlerGuo,EthereumPoW
BeatlesPOW,EthereumPoW
lawmaster,EthereumPoW
Bitcoin_Punks_,EthereumPoW
robertjfclarke,EthereumPoW
allinonedao,EthereumPoW
RealJonahBlake,EthereumPoW
camel_ark,EthereumPoW
CNHtOfficial,EthereumPoW
AntlinkPoW,EthereumPoW
trustlook,EthereumPoW
ETHW_cn,EthereumPoW
nicksdjohnson,ensdomains
signinwitheth,ensdomains
evanmoyer_eth,ensdomains
poapfr,ensdomains
erni_eth,ensdomains
katherineykwu,ensdomains
WesdEth,ensdomains
Esk3nder,ensdomains
GoDaddy,ensdomains
aurbelis,ensdomains
frensday,ensdomains
184eth,ensdomains
mvcura,ensdomains
gregskril,ensdomains
TradingComposur,tradingview
Crypto_Chase,tradingview
OmarAgag6,tradingview
ICT_Concepts,tradingview
umairs02,tradingview
MyFundedFX,tradingview
leviathancrypto,tradingview
TTrades_edu,tradingview
follis_,tradingview
TraderLion_,tradingview
FTMO_com,tradingview
joker_szn,tradingview
BlogJulianKomar,tradingview
the_proptrader,tradingview
FXStreetNews,trading
Stocktwits,trading
the_proptrader,trading
lilianadeac,trading
lowtohigh55,trading
kazu_williams,trading
Mr_WasimKhan,trading
PxoSnrs,trading
DuqueJaime,trading
My2nero,trading
betotrr,trading
sathiyaseelanra,trading
garetsmyth,trading
cohenismael,trading
Dorotheeyb,trading
ighotec,trading
julca744,trading
markets,business
economics,business
BW,business
opinion,business
BloombergAsia,business
middleeast,business
wealth,business
luxury,business
BNCommodities,business
bsurveillance,business
tracyalloway,business
KHASBAAT,business
TimOBrien,business
SECGov,CFTC
CFTCjohnson,CFTC
CFTCpham,CFTC
cftcmersinger,CFTC
CFTCcgr,CFTC
WhiteHouse,CFTC
POTUS,CFTC
SecYellen,CFTC
annsaphir,CFTC
OfficialRFDTV,CFTC
kadhim,CFTC
TomZanki,CFTC
Cointelegraph,CFTC
peteschroeder,CFTC
straits_times,SGXGroup
TradeTalks,SGXGroup
yeekaipin,SGXGroup
ICE_Markets,SGXGroup
WorldWide_Gen,SGXGroup
Macro_Hive,SGXGroup
Nasdaq,SGXGroup
valeglobal,SGXGroup
BalticExchange,SGXGroup
readtheedge_sg,SGXGroup
DrWealthAsia,SGXGroup
WorldToilet,SGXGroup
SasseurREIT,SGXGroup
enjoifriend,PokemonTCG
TordReklev,PokemonTCG
FrostedCaribou,PokemonTCG
ChipRichey,PokemonTCG
playpokemon,PokemonTCG
thewossy,PokemonTCG
PokemonTCGUK,PokemonTCG
Breaking_Nate,PokemonTCG
CopagPokemon,PokemonTCG
poke_times,PokemonTCG
PokemonTCGP,PokemonTCG
PokemonDEU,PokemonTCG
Creatures_Inc,PokemonTCG
MarketWatch,NasdaqExchange
YahooFinance,NasdaqExchange
economics,NasdaqExchange
TheStreet,NasdaqExchange
NYSE,NasdaqExchange
Stocktwits,NasdaqExchange
BloombergTV,NasdaqExchange
WSJmarkets,NasdaqExchange
barronsonline,NasdaqExchange
Nasdaq,NasdaqExchange
SeekingAlpha,NasdaqExchange
BobPisani,NasdaqExchange
wealth,NasdaqExchange
MarketWatch,NasdaqExchange
YahooFinance,NasdaqExchange
economics,NasdaqExchange
TheStreet,NasdaqExchange
NYSE,NasdaqExchange
Stocktwits,NasdaqExchange
BloombergTV,NasdaqExchange
WSJmarkets,NasdaqExchange
barronsonline,NasdaqExchange
Nasdaq,NasdaqExchange
SeekingAlpha,NasdaqExchange
BobPisani,NasdaqExchange
wealth,NasdaqExchange
markets,economics
elerianm,economics
LizAnnSonders,economics
ReutersBiz,economics
lisaabramowicz1,economics
opinion,economics
FerroTV,economics
BW,economics
BloombergTV,economics
C_Barraud,economics
BloombergAsia,economics
dlacalle_IA,economics
ecb,economics
Chevron,Shell
exxonmobil,Shell
Shell_Nigeria,Shell
ShellMotorsport,Shell
EnergyVoiceNews,Shell
SPGCIOil,Shell
bp_America,Shell
energyintel,Shell
Shell_India,Shell
Shell_Nederland,Shell
EquinorASA,Shell
ronbousso1,Shell
Shell_UKLtd,Shell
tristanharris,Shell
xstocklpicker88,AltcoinsThunder
HovCoin,AltcoinsThunder
LoLcoinsolmeme,AltcoinsThunder
DoodlesOn_SOL,AltcoinsThunder
ruggedBoy_Moon,AltcoinsThunder
LBUNNYPUMP,AltcoinsThunder
CTO_Soll_MEME,AltcoinsThunder
chillguydev,AltcoinsThunder
SinghEth100k,AltcoinsThunder
BullyBullishSol,AltcoinsThunder
twitchysolana,AltcoinsThunder
DooDooButtCoin,AltcoinsThunder
DeSci_CTO,AltcoinsThunder
NorugGuyToken,AltcoinsThunder
wallyonsolanaa,AltcoinsThunder
tamas_sudar,AltcoinsThunder
MMCrypto,AltcoinDailyio
TheMoonCarl,AltcoinDailyio
TheCryptoLark,AltcoinDailyio
intocryptoverse,AltcoinDailyio
rovercrc,AltcoinDailyio
MartiniGuyYT,AltcoinDailyio
coinbureau,AltcoinDailyio
cryptomanran,AltcoinDailyio
Davincij15,AltcoinDailyio
CryptoWendyO,AltcoinDailyio
Sheldon_Sniper,AltcoinDailyio
GarethSoloway,AltcoinDailyio
IvanOnTech,AltcoinDailyio
well3official,AltcoinJase
TheApeList_,AltcoinJase
ZooVerseFriends,AltcoinJase
nanoblackbox,AltcoinJase
IsekaiMeta,AltcoinJase
Dres_Empire,AltcoinJase
PGgroup_,AltcoinJase
KevinSusanto,AltcoinJase
AerodromeFi,AltcoinJase
SPINLIFEtv,AltcoinJase
CityNolimit,AltcoinJase
law_jon,AltcoinJase
Subli_Defi,AltcoinJase
ImCryptoMessiah,AltGemHunter
cryptogems555,AltGemHunter
Ralvero,AltGemHunter
MonstersCoins,AltGemHunter
ChinaPumpWXC,AltGemHunter
WhaleEverything,AltGemHunter
Cryptic_Maestro,AltGemHunter
WhaleOfGems,AltGemHunter
ElonMuskPDA,AltGemHunter
AdamEShelton,AltGemHunter
DaCryptoPirates,AltGemHunter
CryptoGemsCom,AltGemHunter
cometcalls,AltGemHunter
SnockSolana,AltcoinMoe
Pentosh1,AltcoinMoe
HuaLi_ai,AltcoinMoe
GeorgiePP117,AltcoinMoe
Dillon_Carter,AltcoinMoe
ai16zdao,AltcoinMoe
deyonte_btc,AltcoinMoe
pippinlovesyou,AltcoinMoe
whyarethis,AltcoinMoe
yoheinakajima,AltcoinMoe
somewheresy,AltcoinMoe
AndyAyrey,AltcoinMoe
thereal100x1,AltcoinMoe
GemsofRa,AltcoinMoe
KingBlackBored,AltcoinMoe
0xHvdes,AltcoinBernays
ardizor,AltcoinBernays
ZackMorrisSOL,AltcoinBernays
ponkesol,AltcoinBernays
MooDengSOL,AltcoinBernays
thelastplaysol,AltcoinBernays
MogCoinEth,AltcoinBernays
GIGACHAD_meme,AltcoinBernays
Noahhweb3,AltcoinBernays
intocryptoverse,AltcoinBernays
SolamaSPL,AltcoinBernays
_WOO_X,AltcoinBernays
cryptojack,AltcoinWorldcom
cryptogems555,AltcoinWorldcom
Ralvero,AltcoinWorldcom
CryptoEmdarks,AltcoinWorldcom
cryptoworld202,AltcoinWorldcom
ChinaPumpWXC,AltcoinWorldcom
altcryptocom,AltcoinWorldcom
AltGemsAlert,AltcoinWorldcom
CryptoThro,AltcoinWorldcom
Cryptic_Maestro,AltcoinWorldcom
ElonMuskPDA,AltcoinWorldcom
CryptoGemsCom,AltcoinWorldcom
ElonMuskPD,AltcoinWorldcom
0xHvdes,AltcoinBernays
ardizor,AltcoinBernays
ZackMorrisSOL,AltcoinBernays
ponkesol,AltcoinBernays
MooDengSOL,AltcoinBernays
thelastplaysol,AltcoinBernays
MogCoinEth,AltcoinBernays
GIGACHAD_meme,AltcoinBernays
Noahhweb3,AltcoinBernays
intocryptoverse,AltcoinBernays
SolamaSPL,AltcoinBernays
_WOO_X,AltcoinBernays
cryptogems_,AltcoinBernays
rostikdeni,AltcoinBernays
cryptojack,AltcoinWorldcom
cryptogems555,AltcoinWorldcom
Ralvero,AltcoinWorldcom
CryptoEmdarks,AltcoinWorldcom
cryptoworld202,AltcoinWorldcom
ChinaPumpWXC,AltcoinWorldcom
altcryptocom,AltcoinWorldcom
AltGemsAlert,AltcoinWorldcom
CryptoThro,AltcoinWorldcom
Cryptic_Maestro,AltcoinWorldcom
ElonMuskPDA,AltcoinWorldcom
CryptoGemsCom,AltcoinWorldcom
ElonMuskPD,AltcoinWorldcom
oddgems,Altcoinbuzzio
Coachkcrypto,Altcoinbuzzio
TheCryptoZombie,Altcoinbuzzio
jasonappleton,Altcoinbuzzio
boxmining,Altcoinbuzzio
ChicoCrypto,Altcoinbuzzio
tehMoonwalkeR,Altcoinbuzzio
CryptoDiffer,Altcoinbuzzio
KyberNetwork,Altcoinbuzzio
enjin,Altcoinbuzzio
electroneum,Altcoinbuzzio
crypt0snews,Altcoinbuzzio
JeffKirdeikis,Altcoinbuzzio
realSidhuJag,token2049
AlyssaTsai,token2049
BGameAlliance,token2049
Vision_Chain,token2049
alanlau999,token2049
TrustEvm,token2049
DWFLabs,token2049
adriannewman21,token2049
Newmancapitalvc,token2049
TobyCoinweb,token2049
star_okx,token2049
OnchainHQ,token2049
meta_nikola,token2049
Coredao_Org,youngparrotnft
corechaincrypto,youngparrotnft
miidasnft,youngparrotnft
kcryptoinvest,youngparrotnft
icecream_swap,youngparrotnft
CJ_Reim,youngparrotnft
CorexBTC,youngparrotnft
LFGSwap,youngparrotnft
BrendonSedo,youngparrotnft
Pell_Network,youngparrotnft
core_believer,youngparrotnft
openex_network,youngparrotnft
KaiaChain,youngparrotnft
Cetoex,BscPitbull
BitKanOfficial,BscPitbull
CryptoInsightsX,BscPitbull
NOWPayments_io,BscPitbull
anndylian,BscPitbull
BurnPitbull,BscPitbull
SharksCoins,BscPitbull
StealthEX_io,BscPitbull
BscPitbull_KR,BscPitbull
BNBSwap,BscPitbull
ZeusInCrypto,BscPitbull
PitbullbscI,BscPitbull
PitmagCommunity,BscPitbull
solanamobile,SimonsCatMeme
orca_so,SimonsCatMeme
bonk_inu,SimonsCatMeme
krakenpro,SimonsCatMeme
wintermute_t,SimonsCatMeme
BinanceFutures,SimonsCatMeme
RevolutApp,SimonsCatMeme
UpholdInc,SimonsCatMeme
Bybit_Official,SimonsCatMeme
okx,SimonsCatMeme
HTX_Global,SimonsCatMeme
KuCoinFutures,SimonsCatMeme
gate_io,SimonsCatMeme
BingXOfficial,SimonsCatMeme
TheDeFinvestor,tokenterminal
0xngmi,tokenterminal
alpha_pls,tokenterminal
Dynamo_Patrick,tokenterminal
MessariCrypto,tokenterminal
crypthoem,tokenterminal
Delphi_Digital,tokenterminal
DefiIgnas,tokenterminal
ThorHartvigsen,tokenterminal
CurveFinance,tokenterminal
cyrilXBT,tokenterminal
mhonkasalo,tokenterminal
Dune,tokenterminal
brave,AttentionToken
BrendanEich,AttentionToken
lukemulks,AttentionToken
BAT_Community,AttentionToken
taxninja,AttentionToken
BraveNightly,AttentionToken
BraveSupport,AttentionToken
BATinINDIA,AttentionToken
LucaNetz,AttentionToken
pudgypenguins,AttentionToken
QuaiNetwork,AttentionToken
bat_guilhermee,AttentionToken
Galxe,TokenPocket_TP
SpaceIDProtocol,TokenPocket_TP
bsc_daily,TokenPocket_TP
APX_Finance,TokenPocket_TP
VenusProtocol,TokenPocket_TP
magpiexyz_io,TokenPocket_TP
relationlabs,TokenPocket_TP
iTokenWallet,TokenPocket_TP
SaaSGoOfficial,TokenPocket_TP
FDLabsHQ,TokenPocket_TP
JupiterExchange,TokenPocket_TP
Fiat24Official,TokenPocket_TP
unichain,TokenPocket_TP
TheDeFinvestor,tokenterminal
0xngmi,tokenterminal
alpha_pls,tokenterminal
Dynamo_Patrick,tokenterminal
MessariCrypto,tokenterminal
crypthoem,tokenterminal
Delphi_Digital,tokenterminal
DefiIgnas,tokenterminal
ThorHartvigsen,tokenterminal
CurveFinance,tokenterminal
cyrilXBT,tokenterminal
mhonkasalo,tokenterminal
Dune,tokenterminal
brave,AttentionToken
BrendanEich,AttentionToken
lukemulks,AttentionToken
BAT_Community,AttentionToken
taxninja,AttentionToken
BraveNightly,AttentionToken
BraveSupport,AttentionToken
BATinINDIA,AttentionToken
LucaNetz,AttentionToken
pudgypenguins,AttentionToken
QuaiNetwork,AttentionToken
bat_guilhermee,AttentionToken
Ctrl_Wallet,AttentionToken
Batearn,AttentionToken
Galxe,TokenPocket_TP
SpaceIDProtocol,TokenPocket_TP
bsc_daily,TokenPocket_TP
APX_Finance,TokenPocket_TP
VenusProtocol,TokenPocket_TP
magpiexyz_io,TokenPocket_TP
relationlabs,TokenPocket_TP
iTokenWallet,TokenPocket_TP
SaaSGoOfficial,TokenPocket_TP
FDLabsHQ,TokenPocket_TP
JupiterExchange,TokenPocket_TP
Fiat24Official,TokenPocket_TP
unichain,TokenPocket_TP
MartiniGuyYT,Ashcryptoreal
rovercrc,Ashcryptoreal
bull_bnb,Ashcryptoreal
AltCryptoGems,Ashcryptoreal
KongBTC,Ashcryptoreal
OldInternetFeel,Ashcryptoreal
adinross,Ashcryptoreal
hasbulla_main,Ashcryptoreal
tarsprotocol,Ashcryptoreal
MustStopMurad,Ashcryptoreal
Cobratate,Ashcryptoreal
SenLummis,Ashcryptoreal
LitestApp,Ashcryptoreal
CabalCrypto,Ashcryptoreal
CryptoTony__,LadyofCrypto1
milesdeutscher,LadyofCrypto1
MacnBTC,LadyofCrypto1
eliz883,LadyofCrypto1
CryptoWizardd,LadyofCrypto1
MariusCrypt0,LadyofCrypto1
Sheldon_Sniper,LadyofCrypto1
KoroushAK,LadyofCrypto1
blockchainedbb,LadyofCrypto1
Eunicedwong,LadyofCrypto1
RAFAELA_RIGO_,LadyofCrypto1
CryptoPoseidonn,LadyofCrypto1
bloodgoodBTC,LadyofCrypto1
AltcoinDailyio,TheCryptoLark
MMCrypto,TheCryptoLark
TheMoonCarl,TheCryptoLark
MartiniGuyYT,TheCryptoLark
coinbureau,TheCryptoLark
cryptomanran,TheCryptoLark
scottmelker,TheCryptoLark
Davincij15,TheCryptoLark
CryptoWendyO,TheCryptoLark
cryptojack,TheCryptoLark
Sheldon_Sniper,TheCryptoLark
blockchainchick,TheCryptoLark
cryptorecruitr,TheCryptoLark
TheMoonCarl,rovercrc
MMCrypto,rovercrc
MartiniGuyYT,rovercrc
cryptojack,rovercrc
TheDustyBC,rovercrc
CryptoBusy,rovercrc
TKralow,rovercrc
CryptoSavingExp,rovercrc
Jamyies,rovercrc
cryptobratan1,rovercrc
CryptoMo,rovercrc
MarzellCrypto,rovercrc
Bitcoinsensus,rovercrc
cryptoseacom,rovercrc
Pentosh1,TheCryptoDog
CryptoKaleo,TheCryptoDog
trader1sz,TheCryptoDog
gainzy222,TheCryptoDog
CryptoDonAlt,TheCryptoDog
Trader_XO,TheCryptoDog
CryptoCred,TheCryptoDog
Tradermayne,TheCryptoDog
HsakaTrades,TheCryptoDog
IncomeSharks,TheCryptoDog
RookieXBT,TheCryptoDog
crypto_bitlord7,TheCryptoDog
inversebrah,TheCryptoDog
kris,cryptocom
cryptocomnft,cryptocom
cronos_chain,cryptocom
LoadedLions_CDC,cryptocom
VVS_finance,cryptocom
TectonicFi,cryptocom
ericnode,cryptocom
cryptocom_BR,cryptocom
_CryptoDiamond,cryptocom
Savin0x,cryptocom
CroHodler,cryptocom
onchain_wallet,cryptocom
cryptocomarena,cryptocom
nishantkumar07,crypto
resate_z,crypto
WonderyMedia,crypto
JeffGrocottNYC,crypto
antoniabmassa,crypto
isabelletanlee,crypto
cfb_18,crypto
LionelRALaurent,crypto
ElleBeyoud,crypto
MargiMurphy,crypto
jeffstone500,crypto
justinaknope,crypto
bill_allison,crypto
flufworld,TCryptoCurrency
aaronmcdnz,TCryptoCurrency
futureverse,TCryptoCurrency
nftsales,TCryptoCurrency
partybear,TCryptoCurrency
metabloxx,TCryptoCurrency
walkerworld_,TCryptoCurrency
seekers_xyz,TCryptoCurrency
altstatemachine,TCryptoCurrency
JeffIYPK,TCryptoCurrency
ATEMCarClub,TCryptoCurrency
jmetcalfe_,TCryptoCurrency
SharaSenderoff,TCryptoCurrency
Cointelegraph,cryptofeednews
BTCTN,cryptofeednews
crypto,cryptofeednews
BinanceAcademy,cryptofeednews
bitfinex,cryptofeednews
bsc_daily,cryptofeednews
Balance_Capital,cryptofeednews
Definews_Info,cryptofeednews
BSCNews,cryptofeednews
jack,cryptofeednews
CryptoEmdarks,cryptoworld202
DaCryptoPirates,cryptoworld202
ANEX_TOKEN,cryptoworld202
H2OTOKE,cryptoworld202
MMTaxiService,cryptoworld202
edenfinex,cryptoworld202
VitraStudios,cryptoworld202
EcoWattOfficial,cryptoworld202
EquilibriaDevs,cryptoworld202
DegenEcosystem,cryptoworld202
AceDCoin,cryptoworld202
Cucumbercryptox,cryptoworld202
nishantkumar07,crypto
resate_z,crypto
WonderyMedia,crypto
JeffGrocottNYC,crypto
antoniabmassa,crypto
isabelletanlee,crypto
cfb_18,crypto
LionelRALaurent,crypto
ElleBeyoud,crypto
MargiMurphy,crypto
jeffstone500,crypto
justinaknope,crypto
bill_allison,crypto
flufworld,TCryptoCurrency
aaronmcdnz,TCryptoCurrency
futureverse,TCryptoCurrency
nftsales,TCryptoCurrency
partybear,TCryptoCurrency
metabloxx,TCryptoCurrency
walkerworld_,TCryptoCurrency
seekers_xyz,TCryptoCurrency
altstatemachine,TCryptoCurrency
JeffIYPK,TCryptoCurrency
ATEMCarClub,TCryptoCurrency
jmetcalfe_,TCryptoCurrency
SharaSenderoff,TCryptoCurrency
Cointelegraph,cryptofeednews
BTCTN,cryptofeednews
crypto,cryptofeednews
BinanceAcademy,cryptofeednews
bitfinex,cryptofeednews
bsc_daily,cryptofeednews
Balance_Capital,cryptofeednews
Definews_Info,cryptofeednews
BSCNews,cryptofeednews
jack,cryptofeednews
PopsicleFinance,cryptofeednews
Shibtoken,cryptofeednews
BinanceFutures,Web3WithBinance
BinanceAcademy,Web3WithBinance
BinanceFanToken,Web3WithBinance
USMverse,Web3WithBinance
BinanceResearch,Web3WithBinance
BinanceBCF,Web3WithBinance
JesuslVivas,Web3WithBinance
artists_voyage,Web3WithBinance
highstreetworld,Web3WithBinance
UmairNauman_,Web3WithBinance
CommEXRussian,Web3WithBinance
PixelSweeper,Web3WithBinance
CryptoJones2011,Web3WithBinance
Galxe,web3games
BreederDodo,web3games
SnapFingerX,web3games
Galaxisxyz,web3games
TheYuliverse,web3games
w3poker_com,web3games
StartaleGroup,web3games
soneium,web3games
YourJuicyBets,web3games
Micro3io,web3games
Atleta_Network,web3games
playCrystalFun,web3games
seascapenetwork,web3games
KedarK04,ForbesWeb3
ValeriaStudios,ForbesWeb3
Kanetix22,ForbesWeb3
MissTechBM,ForbesWeb3
kinkyd247,ForbesWeb3
Rahim_mahtab,ForbesWeb3
kolyan_trend,ForbesWeb3
TheDegenBoii,ForbesWeb3
mywebacy,ForbesWeb3
jacobelmon,ForbesWeb3
Cologne_Dude,ForbesWeb3
Moongate,ForbesWeb3
Iamecki,ForbesWeb3
LiveArtX,taskonxyz
TheHarvestGame,taskonxyz
drtipsreal,taskonxyz
HaloDotSocial,taskonxyz
nerve_network,taskonxyz
wallet,taskonxyz
HuntingnftTeam,taskonxyz
getpipcom,taskonxyz
Coinstages,taskonxyz
binary_x,taskonxyz
SevenXVentures,taskonxyz
SuiEcoNews,taskonxyz
SaaSGoOfficial,taskonxyz
MysticTreasure_,taskonxyz
Bybit_Official,Bybit_Web3
Web_3space,Bybit_Web3
Bybit_NFT,Bybit_Web3
CryptoTechDAO,Bybit_Web3
blumcrypto,Bybit_Web3
Orbiter_Finance,Bybit_Web3
071_labs,Bybit_Web3
calilyliu,Bybit_Web3
MogCoinEth,Bybit_Web3
ponchoBASE,Bybit_Web3
solayer_labs,Bybit_Web3
pStakeFinance,Bybit_Web3
Bedrock_DeFi,Bybit_Web3
bunniefied,FukuSquad100x
sof1azara03,FukuSquad100x
reenezive,FukuSquad100x
TheRavenCrypto,FukuSquad100x
semangast,FukuSquad100x
princesspromos_,FukuSquad100x
TiarCrypto,FukuSquad100x
TheToriant,FukuSquad100x
CryptoKing4Ever,FukuSquad100x
yunaincrypto,FukuSquad100x
GawsStiph,FukuSquad100x
Missy__Crypto,FukuSquad100x
DJ_GIVEAWAY2,FukuSquad100x
RangersProtocol,MIXMARVELGAME
MetaCeneGame,MIXMARVELGAME
PlanXGameWallet,MIXMARVELGAME
NiftyIN_NFT,MIXMARVELGAME
ownity_io,MIXMARVELGAME
AtmanRebelFlame,MIXMARVELGAME
ArkForge_gg,MIXMARVELGAME
Caliverse_io,MIXMARVELGAME
0xC_Web3,MIXMARVELGAME
SimSportsClub,MIXMARVELGAME
SimDunkOfficial,MIXMARVELGAME
ACG_WORLDS_,MIXMARVELGAME
0xMantle,MIXMARVELGAME
PanoraExchange,TheGariNetwork
0xTrikon,TheGariNetwork
myself_eth_,TheGariNetwork
canaanio,TheGariNetwork
CharlieShrem,TheGariNetwork
jgarzik,TheGariNetwork
ChrisFIR,TheGariNetwork
MemePadSol,TheGariNetwork
chandan1_,TheGariNetwork
thedevwifhat,TheGariNetwork
FauciToken,TheGariNetwork
aptos_ind,TheGariNetwork
KittenWif_SOL,TheGariNetwork
cryptonews,mattzahab
cryptodotnew,rud_alla23
blockchain,OneMorePeter
Mint_Blockchain,CreditOnChain
Neo_Blockchain,coz_official
flow_blockchain,flowverse_
flow_blockchain,DimensionX_NFT
ice_blockchain,ice_apoll0
ice_blockchain,Mechilambre
ton_blockchain,17konero
ton_blockchain,HypeSaintsNFT
RenecBlockchain,RelendOfficial
RenecBlockchain,pamp_cat
Bitcoin,krakenfx
Bitcoin,TheToriant
Bitcoin,relationlabs
Bitcoin,well3official
BTCTN,cryptoquant_com
krakenfx,Bivu_D
BTC_Archive,real_Mr_google
BTC_Archive,woonomic
BitcoinMagazine,krakenfx
BitcoinMagazine,singularity7x
BitcoinMagazine,jespow
BitcoinMagazine,BenjaminBitcoin
BitcoinMagazine,okx
BitcoinMagazine,Caduceus_CAD
BitcoinMagazine,knutsvanholm
BitcoinNewsCom,MrHodl
cz_binance,BinanceLabs
cz_binance,MrDiamondhandz1
cz_binance,heyibinance
cz_binance,Port3Network
cz_binance,JesuslVivas
cz_binance,Caduceus_CAD
cz_binance,binary_x
cz_binance,MysticTreasure_
ALEXLabBTC,TO
youngparrotnft,core_believer
AlienSwap_NFT,Duck_Chain
Web3WithBinance,DefiIgnas
Web3WithBinance,Micro3io
ForbesWeb3,KedarK04
ForbesWeb3,eth_apple
Web3foundation,FabianGompf
saakuru_labs,GudPaw
americanhodl8,bradmillscan
EthereumPoW,ETHW_cn
ensdomains,nicksdjohnson
ensdomains,poapfr
ensdomains,katherineykwu
ensdomains,184eth
ensdomains,gregskril
CFTC,CFTCcgr
AltcoinDailyio,krakenfx
AltcoinDailyio,sander_gortjes
AltcoinDailyio,bitgetglobal
AltcoinJase,law_jon
Ashcryptoreal,cryptogems555
TheCryptoLark,crypto_rand
TheCryptoLark,hellopixelapp
rovercrc,Altcoinbuzzio
TheCryptoDog,POPCATSOLANA
cryptocom,kris
TCryptoCurrency,walkerworld_
VenomFoundation,venompad
Cointelegraph,Altcoinbuzzio
Cointelegraph,w3w_exchange
Cointelegraph,IOHK_Charles
Cointelegraph,cryptorecruitr
Cointelegraph,DMBrumField
Cointelegraph,PancakeSwap
Cointelegraph,TheCryptoZombie
BNBDriver,cryptofeednews
AltCryptoGems,sander_gortjes
neiro,anndylian
TurboToadToken,Bitcoin_Buddah
boldleonidas,DefiIgnas
Optimism,unichain
aeyakovenko,solanamobile
aeyakovenko,RuneKek
aeyakovenko,MessariCrypto
Polkadot,BillLaboon
Austin_Federa,therealchaseeb
Austin_Federa,GrabowskiDylan
therealchaseeb,cometcalls
cryptorecruitr,CryptoIRELAND1
VitalikButerin,RangoExchange
VitalikButerin,star_okx
lookonchain,crypto_condom
ki_young_ju,0x__One
ki_young_ju,woonomic
ki_young_ju,CryptoInsightsX
News_Of_Alpha,lopp
MEXC_Official,gempegasuss
BitMartExchange,GIGACHAD_meme
bitgetglobal,rud_alla23
bitgetglobal,ANEX_TOKEN
LBank_Exchange,Airdrop_Exp
hyperbridge,FabianGompf
RelendOfficial,RenecBlockchain
CoinMarketCap,Poseidon_SF
CoinMarketCap,getpipcom
mycryptoheroes_,mycryptosaga_
elonmusk,mintdotrich
elonmusk,DocumentingBTC
bitcoincoreorg,pwuille
officialmcafee,TheBitcoinConf
officialmcafee,SGBarbour
_RichardTeng,binary_x
saylor,americanhodl8
saylor,bitgetglobal
saylor,DocumentingBTC
saylor,BigSeanHarris
saylor,LFGSwap
saylor,angel_funsized
saylor,hellopixelapp
saylor,mrJackLevin
saylor,AltGemsAlert
CoinDesk,solanamobile
CoinDesk,0xPolygon
CoinDesk,pythianism
CoinDesk,CryptoWendyO
Tether_to,CNHtOfficial
naiivememe,AltcoinBernays
TheBitcoinConf,crypto_rand
jackmallers,TheGuySwann
hodlonaut,BitcoinIsSaving
hodlonaut,bradmillscan
lopp,BTCFoundation
Dennis_Porter_,GhostofWhitman
Excellion,Vivek4real_
pete_rizzo_,gladstein
pete_rizzo_,wiseadvicesumit
pete_rizzo_,SpaceIDProtocol
Vivek4real_,krakenfx
Vivek4real_,BenjaminBitcoin
usualmoney,CurvedVentures
MacnBTC,WhaleOfGems
SimplyBitcoinTV,crypto_rand
justinsuntron,trondao
wiseadvicesumit,RastislavBakala
heyibinance,MrDiamondhandz1
heyibinance,binary_x
CryptoKingKeyur,pushpendrakum
MustStopMurad,WhaleOfGems
MustStopMurad,thelastplaysol
MinswapDEX,Indigo_protocol
AITECHio,Bitcoin_Buddah
Route2FI,rektdiomedes
alpha_pls,Subli_Defi
BitgetWallet,Memeland
BitgetWallet,MultiversX
0xPolygon,litecoin
0xPolygon,sandeepnailwal
sandeepnailwal,DablClub
Crypto_Texan,0xPolygon
muneeb,Ryder_ID
Stacks,StacksOrg
Stacks,TheDustyBC
godfred_xcuz,herogamer21btc
nvk,adam3us
dl_research,CurvedVentures
leptokurtic_,ethena_labs
leptokurtic_,DeFi_Made_Here
modenetwork,Ashcryptoreal
ethena_labs,CurvedVentures
ethena_labs,0xsign
paik_michael,yourealazyfvck
yourealazyfvck,paik_michael
TrustlessState,JayeHarrill
TrustlessState,RyanSAdams
TrustlessState,gregskril
econoar,DeFi_Dad
econoar,gametheorizing
econoar,pythianism
evan_van_ness,aurbelis
scupytrooples,Subli_Defi
Coredao_Org,corechaincrypto
Coredao_Org,BrendonSedo
Pell_Network,071_labs
core_believer,youngparrotnft
base,PitmagCommunity
cehlos,TienCypress
MathWallet,MathVerseNFT
wallet,supernftwars
mooarofficial,THENFTSTAR
MosoHQ,Galxe
okx,TienCypress
okx,OrdiLaunch
okx,lubi366
okx,star_okx
okx,Cucumbercryptox
HIOmusicapp,CGAAPromo
gavofyork,Polkadot
rphmeier,gavofyork
rphmeier,BillLaboon
paritytech,BillLaboon
EFDevcon,MIXMARVELGAME
seer_pm,Swapr_dapp
XTexchange,CryptoKing4Ever
Wagmipad,albert_bearynx
CryptoStatuette,BaseShogun
BeatlesPOW,trustlook
allinonedao,BeatlesPOW
allinonedao,camel_ark
allinonedao,ETHW_cn
evanmoyer_eth,erni_eth
katherineykwu,erni_eth
Esk3nder,gregskril
peteschroeder,annsaphir
MMCrypto,Altcoinbuzzio
MMCrypto,cryptomanran
ImCryptoMessiah,Altcoinbuzzio
cryptogems555,AceDCoin
MonstersCoins,DeSci_CTO
MonstersCoins,AdamEShelton
MonstersCoins,edenfinex
CryptoEmdarks,AltGemsAlert
CryptoEmdarks,EquilibriaDevs
altcryptocom,AltcoinWorldcom
altcryptocom,CryptoGemsCom
AltGemsAlert,CryptoEmdarks
jasonappleton,CryptoIRELAND1
anndylian,Steve_Walson
krakenpro,DMBrumField
krakenpro,CryptoWendyO
HTX_Global,htxintern
HTX_Global,CNHtOfficial
MessariCrypto,GoPlusSecurity
pudgypenguins,GudPaw
pudgypenguins,mhonkasalo
pudgypenguins,taxninja
CryptoTony__,dubzyxbt
CryptoWizardd,MonstersCoins
blockchainchick,crypt0snews
CryptoDonAlt,john_j_brown
CryptoDonAlt,CryptoCred
Tradermayne,follis_
Tradermayne,joker_szn
kris,Savin0x
kris,CroHodler
flufworld,TCryptoCurrency
flufworld,futureverse
flufworld,nftsales
flufworld,seekers_xyz
flufworld,JeffIYPK
flufworld,ATEMCarClub
aaronmcdnz,JeffIYPK
futureverse,seekers_xyz
futureverse,altstatemachine
walkerworld_,TCryptoCurrency
SimDunkOfficial,MIXMARVELGAME
