saylor,4.901E-3,3700000
BitcoinMagazine,4.797E-3,3400000
cz_binance,4.566E-3,9100000
paik_michael,3.721E-3,58924
yourealazyfvck,3.721E-3,69900
Cointelegraph,3.684E-3,2300000
ensdomains,3.641E-3,265400
flufworld,3.139E-3,69500
pete_rizzo_,3.001E-3,126300
okx,2.409E-3,5700000
AltGemsAlert,2.326E-3,96500
CryptoWizardd,2.315E-3,748600
CoinDesk,2.292E-3,3200000
allinonedao,2.282E-3,54117
aeyakovenko,2.227E-3,434200
Bitcoin,2.17E-3,7100000
cryptocom,2.098E-3,2900000
CryptoEmdarks,2.08E-3,134900
leptokurtic_,2.052E-3,52800
MonstersCoins,2.045E-3,175300
0xPolygon,2.024E-3,2000000
Austin_Federa,2.007E-3,116700
officialmcafee,1.944E-3,1100000
CoinMarketCap,1.905E-3,6400000
ki_young_ju,1.848E-3,375700
kris,1.832E-3,340800
rphmeier,1.819E-3,64536
TrustlessState,1.802E-3,226000
pudgypenguins,1.752E-3,169000
elonmusk,1.682E-3,206400000
BitgetWallet,1.663E-3,3200000
hodlonaut,1.646E-3,129400
flow_blockchain,1.644E-3,199100
CryptoDonAlt,1.635E-3,621000
Stacks,1.619E-3,227300
AltcoinDailyio,1.617E-3,1700000
Tradermayne,1.587E-3,476800
ice_blockchain,1.577E-3,2700000
ton_blockchain,1.576E-3,2500000
CryptoKingKeyur,1.554E-3,213400
Coredao_Org,1.549E-3,2200000
RenecBlockchain,1.547E-3,120500
ForbesWeb3,1.534E-3,170900
nvk,1.518E-3,136000
neiro,1.514E-3,59300
Ashcryptoreal,1.465E-3,1300000
Crypto_Texan,1.434E-3,74020
bitgetglobal,1.418E-3,4300000
MMCrypto,1.404E-3,1500000
BTC_Archive,1.393E-3,1500000
MustStopMurad,1.382E-3,539500
VitalikButerin,1.376E-3,5500000
jackmallers,1.37E-3,425000
heyibinance,1.36E-3,329400
econoar,1.358E-3,164000
justinsuntron,1.357E-3,3600000
Excellion,1.335E-3,318600
HTX_Global,1.319E-3,1600000
wiseadvicesumit,1.314E-3,296100
futureverse,1.302E-3,62700
Web3WithBinance,1.289E-3,2500000
Route2FI,1.26E-3,343000
gavofyork,1.255E-3,422400
evan_van_ness,1.255E-3,116100
bitcoincoreorg,1.245E-3,173900
MosoHQ,1.204E-3,95400
blockchain,1.199E-3,1300000
MEXC_Official,1.198E-3,1300000
ethena_labs,1.187E-3,194000
wallet,1.183E-3,2000000
Optimism,1.158E-3,714300
krakenpro,1.132E-3,83959
muneeb,1.12E-3,118200
godfred_xcuz,1.12E-3,62281
peteschroeder,1.12E-3,63913
BitMartExchange,1.119E-3,1500000
LBank_Exchange,1.119E-3,642600
BTCTN,1.113E-3,3000000
TheCryptoLark,1.106E-3,1200000
lookonchain,1.103E-3,496900
BeatlesPOW,1.097E-3,57720
blockchainchick,1.097E-3,124700
cryptogems555,1.087E-3,407000
evanmoyer_eth,1.086E-3,87363
katherineykwu,1.086E-3,72100
MessariCrypto,1.08E-3,382400
adam3us,1.077E-3,618500
mycryptoheroes_,1.072E-3,97101
CryptoTony__,1.069E-3,475700
VenomFoundation,1.067E-3,1200000
therealchaseeb,1.067E-3,68500
MinswapDEX,1.067E-3,68400
Wagmipad,1.067E-3,86100
News_Of_Alpha,1.066E-3,153000
Neo_Blockchain,1.065E-3,421600
TheCryptoDog,1.063E-3,844900
altcryptocom,1.063E-3,210000
sandeepnailwal,1.062E-3,331900
base,1.062E-3,863000
CryptoStatuette,1.06E-3,85782
Mint_Blockchain,1.06E-3,379900
AlienSwap_NFT,1.06E-3,155900
AltcoinJase,1.06E-3,74700
anndylian,1.059E-3,177900
cryptonews,1.056E-3,120400
ALEXLabBTC,1.056E-3,107700
CFTC,1.056E-3,76700
TheBitcoinConf,1.051E-3,233000
Dennis_Porter_,1.05E-3,193400
XTexchange,1.047E-3,422800
krakenfx,1.046E-3,1500000
Pell_Network,1.045E-3,203000
youngparrotnft,1.029E-3,174400
TCryptoCurrency,1.028E-3,63100
DocumentingBTC,9.788E-4,981000
Esk3nder,9.782E-4,91099
alpha_pls,9.738E-4,116300
AltCryptoGems,9.463E-4,450600
maxkeiser,9.459E-4,607500
natbrunell,9.459E-4,355600
cryptorecruitr,8.982E-4,273300
BinanceAcademy,8.943E-4,708300
boldleonidas,8.868E-4,58300
PrestonPysh,8.768E-4,527200
gladstein,8.768E-4,239000
JasonPLowery,8.768E-4,126700
kcryptoinvest,8.721E-4,401900
Vivek4real_,8.694E-4,116800
Tether_to,8.609E-4,503400
danheld,8.549E-4,736700
coryklippsten,8.549E-4,248900
Breedlove22,8.549E-4,389600
MartiniGuyYT,8.483E-4,623200
CryptooAdy,8.397E-4,356800
CryptooIndia,8.397E-4,354000
pushpendrakum,8.397E-4,415300
MrDiamondhandz1,8.397E-4,105200
realdanielnita,8.397E-4,63700
Crypto_Jargon,8.397E-4,57600
MacnBTC,8.381E-4,546300
scupytrooples,8.335E-4,98300
aaronmcdnz,8.157E-4,95521
jasonappleton,8.146E-4,57600
Davincij15,8.104E-4,722900
hyperbridge,8.073E-4,64679
100trillionUSD,7.994E-4,2000000
americanhodl8,7.97E-4,70200
cryptodotnew,7.933E-4,87000
EthereumPoW,7.933E-4,69800
Web3foundation,7.903E-4,136900
Polkadot,7.874E-4,1500000
saakuru_labs,7.825E-4,197600
TheMoonCarl,7.652E-4,1400000
Cobratate,7.627E-4,10400000
nicksdjohnson,7.623E-4,82500
signinwitheth,7.623E-4,52988
poapfr,7.623E-4,86417
erni_eth,7.623E-4,64514
WesdEth,7.623E-4,50480
GoDaddy,7.623E-4,283600
aurbelis,7.623E-4,95637
frensday,7.623E-4,60605
184eth,7.623E-4,96207
mvcura,7.623E-4,68790
gregskril,7.623E-4,57846
rovercrc,7.571E-4,976700
intocryptoverse,7.551E-4,904200
Sheldon_Sniper,7.547E-4,515299
paritytech,7.52E-4,65700
_RichardTeng,7.404E-4,315500
usualmoney,7.307E-4,98000
jespow,7.253E-4,211100
SimplyBitcoinTV,7.228E-4,92100
coinbureau,7.193E-4,904800
cryptomanran,7.193E-4,881800
CryptoWendyO,7.193E-4,402600
crypthoem,7.144E-4,126300
Dynamo_Patrick,7.144E-4,83100
ThorHartvigsen,7.144E-4,88900
dl_research,7.142E-4,68526
HaloDotSocial,6.982E-4,233600
Galxe,6.978E-4,1500000
rektdiomedes,6.944E-4,88800
0xngmi,6.922E-4,139500
Bybit_Official,6.904E-4,4900000
TheDeFinvestor,6.902E-4,128699
cryptocomnft,6.784E-4,499000
cronos_chain,6.784E-4,280200
LoadedLions_CDC,6.784E-4,99100
VVS_finance,6.784E-4,138300
TectonicFi,6.784E-4,87800
ericnode,6.784E-4,55500
cryptocom_BR,6.784E-4,70500
_CryptoDiamond,6.784E-4,64465
Savin0x,6.784E-4,73432
CroHodler,6.784E-4,87237
onchain_wallet,6.784E-4,82410
cryptocomarena,6.784E-4,150300
BingXOfficial,6.772E-4,906300
cryptojack,6.765E-4,381800
howardlutnick,6.73E-4,106700
BitwiseInvest,6.73E-4,63500
RonPaul,6.73E-4,1200000
slush,6.73E-4,50100
CaitlinLong_,6.73E-4,234500
TheBlueMatt,6.73E-4,73600
pwuille,6.73E-4,98800
halfin,6.73E-4,123400
NickSzabo4,6.73E-4,353300
BitMartResearch,6.708E-4,445900
Crypto_OxineEth,6.708E-4,334500
SpaceIDProtocol,6.648E-4,797100
BuildOnCyber,6.598E-4,602800
MathWallet,6.582E-4,925400
naiivememe,6.493E-4,190600
LightDotSo,6.489E-4,156800
woonomic,6.487E-4,1100000
NBATopShot,6.487E-4,256000
flowverse_,6.487E-4,63863
TheFirstMint,6.487E-4,73300
PackripEwing,6.487E-4,98785
roham,6.487E-4,83500
OwnTheMomentNFT,6.487E-4,83377
NFLALLDAY,6.487E-4,67600
LgDoucet,6.487E-4,73781
DiamondNFL,6.487E-4,98924
alxocity,6.487E-4,67039
DimensionX_NFT,6.487E-4,87684
GaiaMarketplace,6.487E-4,96942
jimboslicer69,6.487E-4,59852
LiveArtX,6.475E-4,451100
GarethSoloway,6.47E-4,225500
IvanOnTech,6.47E-4,481400
TheApeList_,6.459E-4,152000
TimDraper,6.443E-4,259500
BinanceLabs,6.443E-4,670800
Amoschencheng,6.443E-4,50168
RachelConlan,6.443E-4,52834
TeamKhabib,6.443E-4,2300000
SealSendEmail,6.443E-4,326900
Snowboy_Of_ION,6.443E-4,55946
DoctorX_Meme,6.443E-4,676800
CertiK,6.443E-4,464700
MultiversX,6.443E-4,993200
ice_apoll0,6.443E-4,95420
enterprimal,6.442E-4,180000
DigiFinex,6.442E-4,310100
tapfantasy2021,6.442E-4,247600
Gateio_Startup,6.442E-4,428400
cvl_network,6.442E-4,89670
litecoin,6.442E-4,1100000
DefiIgnas,6.418E-4,115900
Pentosh1,6.414E-4,827700
bsc_daily,6.407E-4,775500
MetaMask,6.406E-4,1200000
modenetwork,6.396E-4,282700
thedefiedge,6.383E-4,284700
CryptoMichNL,6.323E-4,745500
PeterMcCormack,6.323E-4,554600
RadarHits,6.323E-4,342300
TurboToadToken,6.304E-4,97400
CryptoCred,6.271E-4,663900
Shibtoken,6.264E-4,3800000
Port3Network,6.259E-4,334500
jgarzik,6.253E-4,95100
bull_bnb,6.242E-4,425700
KongBTC,6.242E-4,136900
OldInternetFeel,6.242E-4,279900
adinross,6.242E-4,2600000
hasbulla_main,6.242E-4,455400
tarsprotocol,6.242E-4,219200
SenLummis,6.242E-4,140300
LitestApp,6.242E-4,50733
CabalCrypto,6.242E-4,69500
BrendanEich,6.23E-4,183000
CryptoKaduna,6.206E-4,179600
LouisCooper_,6.206E-4,79500
RiddlerDeFi,6.206E-4,52000
ViktorDefi,6.181E-4,78600
crypto_condom,6.181E-4,102600
FlamingoFinance,6.167E-4,72061
GrabowskiDylan,6.167E-4,53332
PolyNetwork2,6.167E-4,64300
ONTOWallet,6.167E-4,197000
NEOnewstoday,6.167E-4,162500
nashsocial,6.167E-4,62100
ghostmarketio,6.167E-4,95086
real_Mr_google,6.167E-4,71888
dahongfei,6.167E-4,53500
OMOSwapX,6.167E-4,125600
coz_official,6.167E-4,59238
DogeRift,6.167E-4,91857
BinanceFutures,6.162E-4,460500
DaCryptoPirates,6.161E-4,68093
markets,6.154E-4,1800000
BW,6.154E-4,2200000
opinion,6.154E-4,545300
BloombergAsia,6.154E-4,171600
milesdeutscher,6.153E-4,575800
JackNiewold,6.15E-4,116300
Cryptoyieldinfo,6.15E-4,101800
OneMorePeter,6.14E-4,50600
Memeland,6.14E-4,2300000
POPCATSOLANA,6.14E-4,84400
RealFlokiInu,6.14E-4,665700
dogecoin,6.14E-4,4099999
pepecoineth,6.14E-4,710000
ixfiexchange,6.14E-4,145000
Figment_io,6.14E-4,55019
ANEX_TOKEN,6.136E-4,52024
scottmelker,6.135E-4,981300
BiconomyCom,6.12E-4,265900
BGameAlliance,6.12E-4,56169
CryptoKaleo,6.107E-4,668200
trader1sz,6.107E-4,629900
gainzy222,6.107E-4,264500
Trader_XO,6.107E-4,483600
HsakaTrades,6.107E-4,559800
IncomeSharks,6.107E-4,573800
RookieXBT,6.107E-4,465300
crypto_bitlord7,6.107E-4,369100
inversebrah,6.107E-4,326200
tokenterminal,6.105E-4,131400
RedotPay,6.105E-4,65641
OptimismGov,6.105E-4,82713
OptimismGrants,6.105E-4,50063
CreditOnChain,6.105E-4,68981
GoPlusSecurity,6.105E-4,339700
MintChain_VN,6.105E-4,86164
mintdotrich,6.105E-4,81288
LayerBankFi,6.105E-4,209000
conduitxyz,6.105E-4,72371
MintSwap_HQ,6.105E-4,61800
SuperchainEco,6.105E-4,92489
sanyi_eth_,6.105E-4,205700
lubi366,6.105E-4,187000
MEFndn,6.105E-4,73900
Duck_Chain,6.105E-4,945500
reddio_com,6.105E-4,100400
well3official,6.105E-4,589848
ZooVerseFriends,6.105E-4,53500
nanoblackbox,6.105E-4,53500
IsekaiMeta,6.105E-4,110300
Dres_Empire,6.105E-4,92900
PGgroup_,6.105E-4,203700
KevinSusanto,6.105E-4,181193
AerodromeFi,6.105E-4,80400
SPINLIFEtv,6.105E-4,64737
CityNolimit,6.105E-4,96326
law_jon,6.105E-4,85891
Subli_Defi,6.105E-4,57943
solanamobile,6.095E-4,258700
orca_so,6.095E-4,151600
rogerkver,6.095E-4,746000
supernftwars,6.095E-4,110200
HIOmusicapp,6.095E-4,99442
trondao,6.088E-4,1600000
ForbesCrypto,6.088E-4,586600
chrispavlovski,6.088E-4,295700
DOGE,6.088E-4,2200000
vaneck_us,6.088E-4,76800
TON_CAPITAL,6.088E-4,322000
Bybit_Web3,6.085E-4,608800
taskonxyz,6.085E-4,931800
nkabenka89297,6.085E-4,74586
w3meetapp,6.085E-4,64099
feature_earning,6.085E-4,81247
EFDevcon,6.073E-4,86039
WuBlockchain,6.069E-4,500200
CryptoNobler,6.069E-4,175100
usithetalk,6.069E-4,195400
crypto_banter,6.069E-4,423600
sander_gortjes,6.069E-4,68406
NetworksManager,6.069E-4,159600
AlgoFoundation,6.069E-4,160400
PolygonDaily,6.069E-4,84500
sassal0x,6.069E-4,260399
haydenzadams,6.069E-4,293900
hasufl,6.069E-4,225400
pythianism,6.069E-4,105100
superphiz,6.069E-4,57500
migueldeicaza,6.069E-4,94800
terrajobst,6.069E-4,94483
firstdrafthell,6.069E-4,92467
praeclarum,6.069E-4,89896
domenkozar,6.069E-4,77687
timheuer,6.069E-4,74985
Aaronontheweb,6.069E-4,75175
Steve_Cryptoo,6.069E-4,109700
Meta_Machina,6.069E-4,77522
klever_io,6.069E-4,270600
OrdifyWorld,6.069E-4,244300
kommunitasnet,6.069E-4,299800
Changelly_team,6.069E-4,72800
nicky_sap,6.053E-4,66391
mattzahab,6.053E-4,99991
DiviProject,6.053E-4,84877
cryptonews_FR,6.053E-4,96200
strack_ben,6.053E-4,93654
calebsilver,6.053E-4,50821
BitcoinMagNL,6.053E-4,76798
nlcryptonews,6.053E-4,93566
realDonaldTrump,6.053E-4,95400000
KamalaHarris,6.053E-4,21100000
Margexcom,6.053E-4,64361
TO,6.053E-4,148300
Bifrost_Network,6.053E-4,121100
XverseApp,6.053E-4,124800
MegapontNFT,6.053E-4,71698
trygamma,6.053E-4,67268
StacksOrg,6.053E-4,95009
mrkmcknz,6.053E-4,54351
eliherf1,6.053E-4,78193
herogamer21btc,6.053E-4,59618
Ryder_ID,6.053E-4,52725
btc_albert,6.053E-4,86466
SECGov,6.053E-4,757200
CFTCjohnson,6.053E-4,67160
CFTCpham,6.053E-4,60325
cftcmersinger,6.053E-4,93880
CFTCcgr,6.053E-4,67901
WhiteHouse,6.053E-4,8800000
POTUS,6.053E-4,36700000
SecYellen,6.053E-4,382200
annsaphir,6.053E-4,98165
OfficialRFDTV,6.053E-4,51200
kadhim,6.053E-4,55714
TomZanki,6.053E-4,57241
ImCryptoMessiah,6.037E-4,353000
BitcoinIsSaving,6.023E-4,257200
MartyBent,6.023E-4,244700
stephanlivera,6.023E-4,171200
the_proptrader,6.011E-4,50700
cyrilXBT,5.987E-4,125500
BloombergTV,5.978E-4,818200
SaaSGoOfficial,5.97E-4,68000
CharlieShrem,5.966E-4,256100
jimmysong,5.96E-4,337700
VenusProtocol,5.954E-4,228300
economics,5.943E-4,664400
terra_money,5.943E-4,988800
wealth,5.943E-4,118000
Nasdaq,5.943E-4,125900
CurveFinance,5.94E-4,361700
cehlos,5.936E-4,281700
Ralvero,5.936E-4,196800
ChinaPumpWXC,5.936E-4,285600
Cryptic_Maestro,5.936E-4,147400
ElonMuskPDA,5.936E-4,246800
CryptoGemsCom,5.936E-4,386800
DMBrumField,5.935E-4,57971
inkonchain,5.935E-4,65918
SpursWomen,5.935E-4,87000
SpursOfficial,5.935E-4,8800000
Atleti,5.935E-4,5500000
pdimitrakos,5.935E-4,64147
Crypto_ISAC,5.935E-4,84508
Bivu_D,5.935E-4,56009
JDMikeJ,5.935E-4,70896
RaposaCoffeeCo,5.935E-4,96088
iotex_io,5.931E-4,303700
IOST_Official,5.931E-4,273200
poweredbyicx,5.931E-4,178200
minhokim,5.931E-4,71661
DGBAT_Official,5.931E-4,64350
MyMonero,5.931E-4,70938
cryptoaicon,5.931E-4,96177
xrplapex,5.931E-4,72422
singularity7x,5.931E-4,51105
BlLife_Forum,5.931E-4,75685
temp_projects,5.931E-4,94149
0x__One,5.931E-4,93942
rud_alla23,5.931E-4,81052
mrJackLevin,5.931E-4,425200
ChandlerGuo,5.931E-4,168200
lawmaster,5.931E-4,211300
Bitcoin_Punks_,5.931E-4,72901
robertjfclarke,5.931E-4,56803
RealJonahBlake,5.931E-4,77000
camel_ark,5.931E-4,96477
CNHtOfficial,5.931E-4,98963
AntlinkPoW,5.931E-4,75799
trustlook,5.931E-4,62424
ETHW_cn,5.931E-4,68230
AITECHio,5.93E-4,517100
remitano,5.918E-4,177200
DeFi_Tycoon,5.918E-4,82100
Goalorious,5.918E-4,75302
azasend,5.918E-4,56331
WukongExchange,5.918E-4,67394
RelendOfficial,5.918E-4,78578
BoopDoge_Token,5.918E-4,61050
pamp_cat,5.918E-4,98777
WesterosCity,5.918E-4,73884
BodenMeme,5.918E-4,55764
Innovaz_io,5.918E-4,57872
PropeasyGlobal,5.918E-4,98869
BreederDodo,5.918E-4,267300
TheYuliverse,5.918E-4,929000
KedarK04,5.914E-4,75438
ValeriaStudios,5.914E-4,225200
Kanetix22,5.914E-4,74573
MissTechBM,5.914E-4,74148
kinkyd247,5.914E-4,99588
Rahim_mahtab,5.914E-4,55534
kolyan_trend,5.914E-4,70786
TheDegenBoii,5.914E-4,55834
mywebacy,5.914E-4,87100
jacobelmon,5.914E-4,94423
Cologne_Dude,5.914E-4,97643
Moongate,5.914E-4,242400
Iamecki,5.914E-4,79334
APX_Finance,5.907E-4,178100
blumcrypto,5.899E-4,5500000
bitfinex,5.89E-4,939000
Uniswap,5.89E-4,1300000
TheToriant,5.884E-4,1200000
DJ_GIVEAWAY2,5.884E-4,258000
TheRavenCrypto,5.884E-4,1100000
TiarCrypto,5.884E-4,421100
princesspromos_,5.884E-4,380500
Airdrop6_com,5.878E-4,894100
Orbiter_Finance,5.873E-4,683300
TheDustyBC,5.872E-4,217000
CryptoBusy,5.872E-4,151800
TKralow,5.872E-4,128900
CryptoSavingExp,5.872E-4,117400
Jamyies,5.872E-4,94900
cryptobratan1,5.872E-4,89360
CryptoMo,5.872E-4,72200
MarzellCrypto,5.872E-4,99391
Bitcoinsensus,5.872E-4,113700
cryptoseacom,5.872E-4,80490
FossGregfoss,5.865E-4,155400
thetrocro,5.865E-4,51900
BillLaboon,5.86E-4,74368
the_seraya,5.86E-4,58398
Crypto_Comms_,5.86E-4,53359
FabianGompf,5.86E-4,58345
lalamaguire,5.86E-4,92405
RelayChain,5.86E-4,50612
ink_lang,5.86E-4,70023
kusamanetwork,5.86E-4,251700
randombishop,5.86E-4,85870
joepetrowski,5.86E-4,97505
Sebowski,5.86E-4,56243
Stocktwits,5.86E-4,1000000
BinanceFanToken,5.833E-4,132700
USMverse,5.833E-4,212200
BinanceResearch,5.833E-4,408000
BinanceBCF,5.833E-4,102800
JesuslVivas,5.833E-4,58600
artists_voyage,5.833E-4,59368
highstreetworld,5.833E-4,113100
UmairNauman_,5.833E-4,88821
CommEXRussian,5.833E-4,84300
PixelSweeper,5.833E-4,84506
CryptoJones2011,5.833E-4,99485
karl_0x,5.831E-4,71900
H2OTOKE,5.807E-4,87834
MMTaxiService,5.807E-4,67294
edenfinex,5.807E-4,73018
VitraStudios,5.807E-4,75130
EcoWattOfficial,5.807E-4,91012
EquilibriaDevs,5.807E-4,93220
DegenEcosystem,5.807E-4,77490
AceDCoin,5.807E-4,95490
Cucumbercryptox,5.807E-4,86114
BTCsessions,5.804E-4,144500
NeilJacobs,5.804E-4,83800
TheGuySwann,5.804E-4,88800
BTCGandalf,5.804E-4,85000
elerianm,5.801E-4,706800
LizAnnSonders,5.801E-4,432500
ReutersBiz,5.801E-4,2700000
lisaabramowicz1,5.801E-4,388000
FerroTV,5.801E-4,178000
C_Barraud,5.801E-4,191500
dlacalle_IA,5.801E-4,153400
ecb,5.801E-4,786300
TaschaLabs,5.8E-4,166200
gametheorizing,5.8E-4,111300
dubzyxbt,5.795E-4,189600
TableQM,5.795E-4,50223
concrete_found,5.795E-4,85691
macmojii,5.795E-4,98340
loqnft,5.795E-4,59283
PizzaGuyzNFT,5.795E-4,86339
FungibleHarry,5.795E-4,81272
baybuz_d,5.795E-4,74354
17konero,5.795E-4,83600
0xRicko,5.795E-4,57963
raizen0795,5.795E-4,82330
highman_eth,5.795E-4,84535
IOHK_Charles,5.795E-4,1000000
cardano_whale,5.795E-4,156200
CardanoFeed,5.795E-4,92000
Cardano_CF,5.795E-4,828600
InputOutputHK,5.795E-4,267700
hoskytoken,5.795E-4,80700
CryptoIRELAND1,5.795E-4,82600
TapTools,5.795E-4,51600
RichardMcCrackn,5.795E-4,75300
COTInetwork,5.795E-4,245700
LucidCiC,5.795E-4,62856
oasyx_official,5.795E-4,50500
doublejumptokyo,5.795E-4,82947
lucianlampdefi,5.795E-4,88500
homeverse_jp,5.795E-4,94109
tcgverse,5.795E-4,79365
PentagonGamesXP,5.795E-4,528300
YGGJapan,5.795E-4,51026
ChainColosseum_,5.795E-4,119500
mycryptosaga_,5.795E-4,64294
mycryptoheroes,5.795E-4,52853
doublejump_en,5.795E-4,59919
layer3xyz,5.795E-4,696600
zenqiratech,5.795E-4,56450
GPTWars,5.795E-4,178200
htxintern,5.795E-4,50410
atdawn_io,5.795E-4,61299
GwynToken,5.795E-4,56490
OrdiLaunch,5.795E-4,97392
TuringBitchain_,5.795E-4,56400
JulSwap,5.795E-4,219700
CryptoGirlNova,5.787E-4,136100
defiprincess_,5.787E-4,137500
TheHarvestGame,5.782E-4,50900
drtipsreal,5.782E-4,78300
nerve_network,5.782E-4,73100
HuntingnftTeam,5.782E-4,75938
getpipcom,5.782E-4,156400
Coinstages,5.782E-4,174400
binary_x,5.782E-4,383600
SevenXVentures,5.782E-4,78860
SuiEcoNews,5.782E-4,201600
MysticTreasure_,5.782E-4,76505
Rewkang,5.781E-4,338300
john_j_brown,5.781E-4,85000
nansen_ai,5.781E-4,313500
cryptoquant_com,5.781E-4,243100
OnchainDataNerd,5.781E-4,68800
EvgenyGaevoy,5.781E-4,57600
PeckShieldAlert,5.781E-4,90200
Coin98Analytics,5.781E-4,303500
Galois_Capital,5.781E-4,68800
FTX_Official,5.781E-4,714600
JayeHarrill,5.781E-4,59778
phtevenstrong,5.766E-4,100600
TokenPocket_TP,5.766E-4,695500
User_Quant,5.766E-4,52696
VenomBridge,5.766E-4,395100
0asisgallery,5.766E-4,386700
venompad,5.766E-4,780700
w3w_exchange,5.766E-4,443100
Venom_network_,5.766E-4,840700
DolloxNetwork,5.766E-4,83635
neuralink,5.766E-4,1500000
DarkDan94485556,5.766E-4,52823
AirdropStario,5.766E-4,1600000
rajgokal,5.766E-4,258100
staratlas,5.766E-4,355200
solana_devs,5.766E-4,78736
RaydiumProtocol,5.766E-4,352700
StepFinance_,5.766E-4,74400
at_mwagner,5.766E-4,80826
jump_firedancer,5.766E-4,88990
EthereumFear,5.766E-4,126400
ksaitor,5.766E-4,80105
RealRossU,5.766E-4,214800
tyler,5.766E-4,1000000
CuredSausage,5.766E-4,61606
Poloniex,5.766E-4,639000
Dashpay,5.766E-4,428400
crypto_rand,5.766E-4,312500
exodus_io,5.766E-4,100800
monero,5.766E-4,496500
BasedBeffJezos,5.766E-4,141600
Indigo_protocol,5.766E-4,51116
MuesliSwapTeam,5.766E-4,73707
dcspark_io,5.766E-4,87986
De_FiSecurity,5.766E-4,87332
maria_cosmosfi,5.766E-4,68271
MichaelRosmer,5.766E-4,62439
FlintWallet,5.766E-4,72868
Milkomeda_com,5.766E-4,70280
RangoExchange,5.766E-4,163300
XcashX32242,5.766E-4,51185
daomaker,5.766E-4,760900
lista_dao,5.766E-4,334000
TrustWallet,5.766E-4,4200000
ApeBond,5.766E-4,456000
LFJ_gg,5.766E-4,378400
odosprotocol,5.766E-4,223200
wpUSDT,5.766E-4,271400
taegiveaway,5.766E-4,403600
numbersprotocol,5.766E-4,147100
ChiniGives,5.766E-4,1000000
TNT_p2e,5.766E-4,93869
PsyJayCrypto,5.766E-4,380800
Fonspromo,5.766E-4,237300
akimmemetaverse,5.766E-4,91469
CStudioNFTs,5.766E-4,63510
ZogiLabs,5.766E-4,52600
DanuGames,5.766E-4,51829
MasterMtoken,5.766E-4,70315
jihanicorn,5.766E-4,638100
GiveAwayHost,5.766E-4,543700
Bang_Garr,5.766E-4,448700
chitaglorya3rd,5.766E-4,263200
crypto_inez,5.766E-4,426500
ScottLEOWarrior,5.766E-4,510000
A100888,5.766E-4,431800
angel_funsized,5.766E-4,340500
furrincrypto,5.766E-4,456200
PurlyWyte,5.766E-4,76600
honey808sweet,5.766E-4,131400
ktanaka13,5.766E-4,409700
0xNovaSeeds,5.766E-4,136500
EARNMrewards,5.766E-4,468400
navidshokriyan,5.766E-4,50000
AITECHPad,5.766E-4,64599
pruu_solana,5.766E-4,54419
Caduceus_CAD,5.766E-4,114000
AjaniSpeaks,5.766E-4,50000
CryptoNoach,5.766E-4,51100
MEW_zh,5.766E-4,83118
FBDToken,5.766E-4,79624
NFTG_nft,5.766E-4,74300
nodepay_ai,5.766E-4,962600
thearcticfund,5.766E-4,67325
MEVBRIDGE09,5.766E-4,95113
aliven_x,5.766E-4,67044
memeficlub,5.766E-4,3600000
bcgame,5.766E-4,319600
PAIT_fi,5.766E-4,59443
MorphL2,5.766E-4,889500
hamster_kombat,5.766E-4,13700000
c2worldmeta,5.766E-4,60442
Clashofnft,5.766E-4,54064
Assure_pro,5.766E-4,94900
perpprotocol,5.766E-4,88200
CwalletOfficial,5.766E-4,153500
TrantorDAO,5.766E-4,87000
StarryNift,5.766E-4,548300
BTC_Alert_,5.766E-4,79653
KingWilliamDefi,5.766E-4,59900
wsbmod,5.766E-4,714200
mezoteric,5.766E-4,51200
NsuredTrading,5.766E-4,64355
JokerzOfficial_,5.766E-4,69700
BitrueOfficial,5.766E-4,440000
CoinstoreExc,5.766E-4,145900
VinDAXOfficial,5.766E-4,60359
XT_updates,5.766E-4,75010
latokens,5.766E-4,372800
PancakeSwap,5.766E-4,2000000
AscendEX_,5.766E-4,241100
catexofficial,5.766E-4,80985
WAX_io,5.766E-4,274000
alcorexchange,5.766E-4,71068
CryptoRank_io,5.766E-4,592800
RPLANETio,5.766E-4,55852
splinterlands,5.766E-4,61100
neftyblocks,5.766E-4,61130
SkyMavisHQ,5.766E-4,161900
PlayToEarn_com,5.766E-4,86694
Aggroed001,5.766E-4,59261
egamers_io,5.766E-4,89742
bc_brawlers,5.766E-4,76566
hellopixelapp,5.766E-4,252300
Moon1ightSt,5.766E-4,119100
0xBeraHome,5.766E-4,53844
LePokerGame,5.766E-4,64099
albert_bearynx,5.766E-4,66094
Warho1e,5.766E-4,89459
ElfinGames,5.766E-4,194400
ONEMINNFT,5.766E-4,104200
CSpaceOfficial,5.766E-4,128199
Bitget_zh,5.766E-4,70400
web3vip,5.766E-4,176800
eth_apple,5.766E-4,181800
middleeast,5.766E-4,94300
luxury,5.766E-4,58200
BNCommodities,5.766E-4,76877
bsurveillance,5.766E-4,68500
tracyalloway,5.766E-4,193600
KHASBAAT,5.766E-4,67113
TimOBrien,5.766E-4,50000
straits_times,5.766E-4,1200000
TradeTalks,5.766E-4,54809
yeekaipin,5.766E-4,79529
ICE_Markets,5.766E-4,71700
WorldWide_Gen,5.766E-4,58923
Macro_Hive,5.766E-4,80975
valeglobal,5.766E-4,50621
BalticExchange,5.766E-4,87155
readtheedge_sg,5.766E-4,55431
DrWealthAsia,5.766E-4,97799
WorldToilet,5.766E-4,96318
SasseurREIT,5.766E-4,98236
enjoifriend,5.766E-4,85905
TordReklev,5.766E-4,67153
FrostedCaribou,5.766E-4,78107
ChipRichey,5.766E-4,91872
playpokemon,5.766E-4,221400
thewossy,5.766E-4,81403
PokemonTCGUK,5.766E-4,72612
Breaking_Nate,5.766E-4,94608
CopagPokemon,5.766E-4,95983
poke_times,5.766E-4,1900000
PokemonTCGP,5.766E-4,141400
PokemonDEU,5.766E-4,91900
Creatures_Inc,5.766E-4,89586
WhaleEverything,5.766E-4,175200
WhaleOfGems,5.766E-4,329400
AdamEShelton,5.766E-4,88300
cometcalls,5.766E-4,81500
realSidhuJag,5.766E-4,70452
AlyssaTsai,5.766E-4,57779
Vision_Chain,5.766E-4,93761
alanlau999,5.766E-4,69860
TrustEvm,5.766E-4,83185
DWFLabs,5.766E-4,112000
adriannewman21,5.766E-4,93273
Newmancapitalvc,5.766E-4,84932
TobyCoinweb,5.766E-4,93264
star_okx,5.766E-4,102000
OnchainHQ,5.766E-4,54490
meta_nikola,5.766E-4,85262
Cetoex,5.766E-4,93100
BitKanOfficial,5.766E-4,63033
CryptoInsightsX,5.766E-4,116500
NOWPayments_io,5.766E-4,78600
BurnPitbull,5.766E-4,58397
SharksCoins,5.766E-4,189700
StealthEX_io,5.766E-4,94727
BscPitbull_KR,5.766E-4,96009
BNBSwap,5.766E-4,348900
ZeusInCrypto,5.766E-4,73256
PitbullbscI,5.766E-4,71159
PitmagCommunity,5.766E-4,77115
eliz883,5.766E-4,483100
MariusCrypt0,5.766E-4,158600
KoroushAK,5.766E-4,369300
blockchainedbb,5.766E-4,210200
Eunicedwong,5.766E-4,185300
RAFAELA_RIGO_,5.766E-4,147900
CryptoPoseidonn,5.766E-4,137100
bloodgoodBTC,5.766E-4,284000
relationlabs,5.765E-4,169800
TheCoffeeBlock,5.762E-4,56200
thebreadmakerx,5.762E-4,50284
DIDbased,5.747E-4,111800
lopp,5.741E-4,487800
aantonop,5.741E-4,769100
Fwiz,5.741E-4,417200
NarbTrading,5.741E-4,78678
0xPolygonEco,5.741E-4,192500
MihailoBjelic,5.741E-4,66300
jdkanani,5.741E-4,64300
DablClub,5.741E-4,87338
0xPolygonFdn,5.741E-4,175300
stader_polygon,5.741E-4,72915
GainsNetwork_io,5.741E-4,61100
0xAishwary,5.741E-4,83464
josephdelong,5.741E-4,74800
antiprosynth,5.741E-4,72100
lemiscate,5.741E-4,89600
Polariseorg,5.741E-4,72200
TYMIOapp,5.741E-4,63077
Hela_Network,5.741E-4,130500
HeLa_Labs,5.741E-4,56700
EternalTidesNFT,5.741E-4,86930
BullBearApparel,5.741E-4,71328
savespiritair,5.741E-4,55857
Lunar_Sphinx,5.741E-4,62388
PulsechainCom,5.741E-4,122400
CombatsGame,5.741E-4,78176
JonathanSchen11,5.741E-4,55029
RuBaRu_app,5.741E-4,97787
TastyBonesNFT,5.741E-4,223800
ToxicSkullsClub,5.741E-4,93752
SVSNFT,5.741E-4,90700
trippytoadzshow,5.741E-4,53472
los_muertosNFT,5.741E-4,50600
JungleFreaksNFT,5.741E-4,81800
PrimeApePlanet,5.741E-4,63500
metalegendsnft,5.741E-4,55600
MetaMansionsNFT,5.741E-4,75100
OogaVerse,5.741E-4,76106
WilderBeastsNFT,5.741E-4,88529
pjpp_club,5.741E-4,97669
AlphaKongsClub,5.741E-4,78700
YVP3DVirtual,5.741E-4,59095
Tabichain,5.741E-4,1500000
TopGoal_NFT,5.741E-4,276700
carv_official,5.741E-4,1000000
SonicSVM,5.741E-4,480900
_p12_,5.741E-4,152900
KeplerHomes,5.741E-4,95300
Nodereal_io,5.741E-4,71500
gempegasuss,5.741E-4,93000
Mechilambre,5.741E-4,1000000
RyanSAdams,5.741E-4,249400
cburniske,5.741E-4,310900
jchervinsky,5.741E-4,136100
AriDavidPaul,5.741E-4,229200
owocki,5.741E-4,113100
LefterisJP,5.741E-4,60500
Scroll_ZKP,5.741E-4,822900
StarkWareLtd,5.741E-4,225400
ZksyncRock,5.741E-4,98400
Web3Games_Daily,5.741E-4,112000
arbitrumcore,5.741E-4,74919
MetisL2,5.741E-4,235500
ZkAnimals,5.741E-4,88010
coingeener,5.741E-4,99541
MemeRadarTK,5.741E-4,308900
SatoAiGirl,5.741E-4,74151
TradingComposur,5.741E-4,290800
Crypto_Chase,5.741E-4,175100
OmarAgag6,5.741E-4,142200
ICT_Concepts,5.741E-4,149100
umairs02,5.741E-4,72900
MyFundedFX,5.741E-4,139000
leviathancrypto,5.741E-4,66200
TTrades_edu,5.741E-4,130300
follis_,5.741E-4,98900
TraderLion_,5.741E-4,181900
FTMO_com,5.741E-4,87900
joker_szn,5.741E-4,66300
BlogJulianKomar,5.741E-4,127700
Chevron,5.741E-4,389600
exxonmobil,5.741E-4,339900
Shell_Nigeria,5.741E-4,52877
ShellMotorsport,5.741E-4,57061
EnergyVoiceNews,5.741E-4,67070
SPGCIOil,5.741E-4,146300
bp_America,5.741E-4,187100
energyintel,5.741E-4,69400
Shell_India,5.741E-4,81601
Shell_Nederland,5.741E-4,76470
EquinorASA,5.741E-4,80600
ronbousso1,5.741E-4,69691
Shell_UKLtd,5.741E-4,58257
tristanharris,5.741E-4,193100
bonk_inu,5.741E-4,364100
wintermute_t,5.741E-4,79500
RevolutApp,5.741E-4,401400
UpholdInc,5.741E-4,165900
KuCoinFutures,5.741E-4,52580
gate_io,5.741E-4,2100000
corechaincrypto,5.736E-4,811000
miidasnft,5.736E-4,173300
icecream_swap,5.736E-4,220000
CJ_Reim,5.736E-4,112200
CorexBTC,5.736E-4,83902
LFGSwap,5.736E-4,158900
BrendonSedo,5.736E-4,62527
core_believer,5.736E-4,57867
openex_network,5.736E-4,616800
KaiaChain,5.736E-4,187100
nftsales,5.724E-4,82821
partybear,5.724E-4,76132
metabloxx,5.724E-4,99203
walkerworld_,5.724E-4,53209
seekers_xyz,5.724E-4,89264
altstatemachine,5.724E-4,90617
JeffIYPK,5.724E-4,68270
ATEMCarClub,5.724E-4,72230
jmetcalfe_,5.724E-4,84268
SharaSenderoff,5.724E-4,64225
TheDogePoundNFT,5.719E-4,178600
mypethooligan,5.719E-4,112300
AdamBombSquad,5.719E-4,52800
WomenandWeapons,5.719E-4,66200
BossBeauties,5.719E-4,68500
supducks,5.719E-4,61400
stapleverse,5.719E-4,77837
FightbackApes,5.719E-4,69749
WuTigerClan,5.719E-4,75430
WomenriseNFT,5.719E-4,51400
VarvaraAlay,5.719E-4,52124
andreoshea,5.719E-4,72385
youngandsick,5.719E-4,71225
kvollstaedt,5.719E-4,50000
planttdaddii,5.719E-4,71787
MUA_MUADAO,5.719E-4,174500
Zeepr_labs,5.719E-4,160200
TakoProtocol,5.719E-4,80057
BaseShogun,5.719E-4,88175
punk1685,5.719E-4,167700
PupsToken,5.719E-4,77899
StableWallet_ai,5.719E-4,99410
WSPNpayment,5.719E-4,87602
PythNetwork,5.719E-4,241700
Biswap_Dex,5.719E-4,321100
a16zcrypto,5.719E-4,119600
YeehaGames,5.719E-4,113800
NFTMillionaire,5.719E-4,150800
Poseidon_SF,5.719E-4,62400
RealKatoOG,5.719E-4,58200
bavugar,5.719E-4,62200
HoizonArt,5.719E-4,56300
leaf_swan,5.719E-4,60900
shashxg,5.719E-4,89324
BenjaminBitcoin,5.719E-4,56500
KlawMachineArt,5.719E-4,70709
Dix_0x1,5.719E-4,92175
harshitdave,5.719E-4,69957
SariraMerikhi,5.719E-4,61734
katokrew,5.719E-4,69215
reverse_visuals,5.719E-4,52518
EricJohnArt,5.719E-4,85753
Balancer,5.719E-4,152600
paraswap,5.719E-4,110500
seer_pm,5.719E-4,85520
PresagioDev,5.719E-4,77774
Web3jobopps,5.719E-4,93691
AnnaRRose,5.719E-4,72204
MentoLabs,5.719E-4,93147
zealwallet,5.719E-4,64585
fabric_vc,5.719E-4,97499
DeFi_Made_Here,5.719E-4,70468
SOFAorgDAO,5.719E-4,56425
AngleProtocol,5.719E-4,51800
autonolas,5.719E-4,91524
SnockSolana,5.719E-4,50000
HuaLi_ai,5.719E-4,50000
GeorgiePP117,5.719E-4,70572
Dillon_Carter,5.719E-4,70268
ai16zdao,5.719E-4,63961
deyonte_btc,5.719E-4,98196
pippinlovesyou,5.719E-4,88831
whyarethis,5.719E-4,78721
yoheinakajima,5.719E-4,89700
somewheresy,5.719E-4,81615
AndyAyrey,5.719E-4,76100
thereal100x1,5.719E-4,91214
GemsofRa,5.719E-4,90251
KingBlackBored,5.719E-4,52100
RangersProtocol,5.719E-4,109000
MetaCeneGame,5.719E-4,417300
PlanXGameWallet,5.719E-4,134200
NiftyIN_NFT,5.719E-4,52100
ownity_io,5.719E-4,63004
AtmanRebelFlame,5.719E-4,54966
ArkForge_gg,5.719E-4,92885
Caliverse_io,5.719E-4,68500
0xC_Web3,5.719E-4,89620
SimSportsClub,5.719E-4,72229
SimDunkOfficial,5.719E-4,79357
ACG_WORLDS_,5.719E-4,187700
0xMantle,5.719E-4,864300
CryptoTechDAO,5.715E-4,50000
MogCoinEth,5.715E-4,103100
xstocklpicker88,5.7E-4,52203
HovCoin,5.7E-4,64476
LoLcoinsolmeme,5.7E-4,50000
DoodlesOn_SOL,5.7E-4,95776
ruggedBoy_Moon,5.7E-4,50000
LBUNNYPUMP,5.7E-4,64128
CTO_Soll_MEME,5.7E-4,69861
chillguydev,5.7E-4,88017
SinghEth100k,5.7E-4,80291
BullyBullishSol,5.7E-4,60667
twitchysolana,5.7E-4,80939
DooDooButtCoin,5.7E-4,60083
DeSci_CTO,5.7E-4,91802
NorugGuyToken,5.7E-4,77349
wallyonsolanaa,5.7E-4,70891
tamas_sudar,5.7E-4,98508
FXStreetNews,5.683E-4,269900
lilianadeac,5.683E-4,50000
lowtohigh55,5.683E-4,50000
kazu_williams,5.683E-4,50000
Mr_WasimKhan,5.683E-4,50000
PxoSnrs,5.683E-4,56663
DuqueJaime,5.683E-4,50000
My2nero,5.683E-4,50000
betotrr,5.683E-4,50000
sathiyaseelanra,5.683E-4,50000
garetsmyth,5.683E-4,50000
cohenismael,5.683E-4,50000
Dorotheeyb,5.683E-4,67466
ighotec,5.683E-4,50000
julca744,5.683E-4,50000
oddgems,5.683E-4,104400
Coachkcrypto,5.683E-4,132500
TheCryptoZombie,5.683E-4,124000
boxmining,5.683E-4,231300
ChicoCrypto,5.683E-4,87418
tehMoonwalkeR,5.683E-4,135800
CryptoDiffer,5.683E-4,283200
KyberNetwork,5.683E-4,295200
enjin,5.683E-4,493000
electroneum,5.683E-4,127600
crypt0snews,5.683E-4,56800
JeffKirdeikis,5.683E-4,76147
AirdropDet,5.678E-4,2000000
WiseCrypto_,5.678E-4,469000
XMetaversePro,5.678E-4,81500
tuum_io,5.678E-4,87400
useTria,5.678E-4,85900
Steve_Walson,5.678E-4,50570
supercell,5.678E-4,1100000
GudPaw,5.678E-4,56349
clemmygames,5.678E-4,88018
HodlMagoo,5.646E-4,51000
knutsvanholm,5.646E-4,80900
bradmillscan,5.646E-4,68400
IIICapital,5.631E-4,79200
MonteGlobal,5.612E-4,72278
CyworldOfficial,5.612E-4,64361
airdropblgspot,5.612E-4,692200
LumozOrg,5.612E-4,561300
MZS_Official,5.612E-4,74270
shu_bit_,5.612E-4,76022
ChainbaseHQ,5.612E-4,361200
ConfidentialLyr,5.612E-4,201700
Linewoo_,5.612E-4,85617
KEES_KUBIC,5.612E-4,85716
narayananratish,5.612E-4,81965
PanoraExchange,5.612E-4,77710
0xTrikon,5.612E-4,88200
myself_eth_,5.612E-4,83097
canaanio,5.612E-4,70529
ChrisFIR,5.612E-4,61172
MemePadSol,5.612E-4,84792
chandan1_,5.612E-4,82952
thedevwifhat,5.612E-4,95208
FauciToken,5.612E-4,77518
aptos_ind,5.612E-4,65534
KittenWif_SOL,5.612E-4,69899
Delphi_Digital,5.612E-4,192500
mhonkasalo,5.612E-4,82090
Dune,5.612E-4,195400
magpiexyz_io,5.601E-4,165600
iTokenWallet,5.601E-4,107000
FDLabsHQ,5.601E-4,99463
JupiterExchange,5.601E-4,444100
Fiat24Official,5.601E-4,53187
unichain,5.601E-4,76900
relai_app,5.594E-4,51800
WalkerAmerica,5.594E-4,54800
w_s_bitcoin,5.594E-4,68000
alanbwt,5.594E-4,93986
HODLneverSODL,5.594E-4,71255
BitcoinEkasi,5.594E-4,93970
GhostofWhitman,5.594E-4,50132
coinfinity,5.594E-4,99938
thomas_fahrer,5.594E-4,69200
BigSeanHarris,5.594E-4,80346
BoldBitcoin,5.594E-4,52356
bitcoinofficesv,5.594E-4,91530
nishantkumar07,5.593E-4,51159
resate_z,5.593E-4,78781
WonderyMedia,5.593E-4,111200
JeffGrocottNYC,5.593E-4,65219
antoniabmassa,5.593E-4,65196
isabelletanlee,5.593E-4,97830
cfb_18,5.593E-4,70203
LionelRALaurent,5.593E-4,54309
ElleBeyoud,5.593E-4,91573
MargiMurphy,5.593E-4,80815
jeffstone500,5.593E-4,60593
justinaknope,5.593E-4,62310
bill_allison,5.593E-4,62903
stablekwon,5.589E-4,905600
Cephii1,5.589E-4,76100
TheRyanLion,5.589E-4,50831
RujiraNetwork,5.589E-4,115800
speicherx,5.589E-4,58675
cryptrus,5.589E-4,54223
TheMoonMidas,5.589E-4,67900
ZeMariaMacedo,5.589E-4,60600
Shigeo808,5.589E-4,52800
thedulab,5.589E-4,105300
Awawat_Trades,5.589E-4,129800
LogFitz6,5.589E-4,79200
coltybrah,5.589E-4,65099
Cheguevoblin,5.589E-4,53900
mattomattik,5.589E-4,72590
blackhatwizardd,5.589E-4,147600
RealDavidMendes,5.589E-4,50000
callicrates_,5.589E-4,61900
hedgedhog7,5.589E-4,80500
SaaSWiz,5.589E-4,91589
SnapFingerX,5.589E-4,86900
Galaxisxyz,5.589E-4,91000
w3poker_com,5.589E-4,97966
StartaleGroup,5.589E-4,70568
soneium,5.589E-4,124300
YourJuicyBets,5.589E-4,79412
Micro3io,5.589E-4,86000
Atleta_Network,5.589E-4,155200
playCrystalFun,5.589E-4,103700
seascapenetwork,5.589E-4,119100
MarketWatch,5.589E-4,4600000
YahooFinance,5.589E-4,1800000
TheStreet,5.589E-4,848000
NYSE,5.589E-4,1700000
WSJmarkets,5.589E-4,929200
barronsonline,5.589E-4,351500
SeekingAlpha,5.589E-4,272500
BobPisani,5.589E-4,120600
brave,5.589E-4,309600
lukemulks,5.589E-4,64156
BAT_Community,5.589E-4,65870
taxninja,5.589E-4,82812
BraveNightly,5.589E-4,99269
BraveSupport,5.589E-4,57700
BATinINDIA,5.589E-4,92026
LucaNetz,5.589E-4,115600
QuaiNetwork,5.589E-4,280500
bat_guilhermee,5.589E-4,71844
Ctrl_Wallet,5.589E-4,108700
Batearn,5.589E-4,83012
cryptoworld202,5.582E-4,161900
moondust_36,5.582E-4,76675
DianaSanchez_04,5.582E-4,888800
ranaweay,5.582E-4,190100
kyoongbh_,5.582E-4,337400
Karijelinek,5.582E-4,981600
TheRylai,5.582E-4,467900
lassetur,5.582E-4,66200
chinapumpcoin,5.582E-4,52900
EnterTheMythos,5.582E-4,137700
Airdrop_Exp,5.582E-4,147700
AhmedCH099,5.582E-4,54895
UltiverseDAO,5.582E-4,807900
Nswapcom,5.582E-4,82900
_TokenHunter,5.582E-4,197500
CheersUP_NFT,5.582E-4,59600
wildxyz,5.582E-4,94452
mooarofficial,5.582E-4,109200
HypeSaintsNFT,5.582E-4,76572
TheBoredTea,5.582E-4,78610
0xHvdes,5.582E-4,77409
ardizor,5.582E-4,412200
ZackMorrisSOL,5.582E-4,64168
ponkesol,5.582E-4,139000
MooDengSOL,5.582E-4,85300
thelastplaysol,5.582E-4,75799
GIGACHAD_meme,5.582E-4,95733
Noahhweb3,5.582E-4,179900
SolamaSPL,5.582E-4,54675
_WOO_X,5.582E-4,259800
CryptoThro,5.582E-4,153800
ElonMuskPD,5.582E-4,2400000
cryptogems_,5.582E-4,384000
rostikdeni,5.582E-4,55081
theYouthflix,5.576E-4,647200
Jrmmabini,5.576E-4,159100
SolanaAIWatch,5.576E-4,90539
Kanzz_AI,5.576E-4,74709
UniSuiCoin,5.576E-4,85359
RastislavBakala,5.576E-4,81972
worldcoin,5.576E-4,440000
Rentible_io,5.576E-4,74460
mail3dao,5.576E-4,86300
zCloakNetwork,5.576E-4,79000
DeFinePlatform,5.576E-4,68022
link3to,5.576E-4,169200
zerion,5.576E-4,331200
0xChamcha,5.576E-4,83705
incircle_tech,5.576E-4,71946
eut_io,5.576E-4,60764
Rareboard,5.576E-4,57952
BitcoinNewsCom,5.571E-4,178900
francispouliot_,5.571E-4,97800
SGBarbour,5.571E-4,58600
parman_the,5.571E-4,60329
giacomozucco,5.571E-4,74300
LlamaNodes,5.565E-4,86596
deBridgeFdn,5.565E-4,94884
RuneKek,5.565E-4,56400
OneBalance_io,5.565E-4,55187
CurvedVentures,5.565E-4,63415
blockscoutcom,5.565E-4,81129
ether_fi,5.565E-4,191200
0xsign,5.565E-4,67071
UnknownApe10,5.565E-4,336400
alienonbase,5.565E-4,50000
SuiGlobal,5.565E-4,461700
CetusProtocol,5.565E-4,412200
TheForestFamNFT,5.565E-4,133400
DigiLabsio,5.565E-4,87600
WizardLandSui,5.565E-4,163100
martian_wallet,5.565E-4,362000
Alphahateu,5.565E-4,117200
FewchaWallet,5.565E-4,120200
Legendareth,5.565E-4,52700
Hasmed_OG,5.565E-4,176600
ApStationNFT,5.565E-4,59200
injmapNFT,5.565E-4,57687
Web_3space,5.545E-4,469800
Bybit_NFT,5.545E-4,153600
071_labs,5.545E-4,94979
calilyliu,5.545E-4,60773
ponchoBASE,5.545E-4,56396
solayer_labs,5.545E-4,82800
pStakeFinance,5.545E-4,65500
Bedrock_DeFi,5.545E-4,104000
crypto,5.536E-4,1200000
Balance_Capital,5.536E-4,71478
Definews_Info,5.536E-4,76800
BSCNews,5.536E-4,1100000
jack,5.536E-4,6400000
PopsicleFinance,5.536E-4,68600
BNBDriver,5.536E-4,94114
bunniefied,5.53E-4,429100
sof1azara03,5.53E-4,557800
reenezive,5.53E-4,437600
semangast,5.53E-4,317800
CryptoKing4Ever,5.53E-4,921100
yunaincrypto,5.53E-4,401700
GawsStiph,5.53E-4,269700
Missy__Crypto,5.53E-4,529200
Coin_Hub_News,5.412E-4,193900
cryptofeednews,5.412E-4,77400
CryptoNewsXBT,5.412E-4,98900
CoinGapeMedia,5.412E-4,77000
solana,5.412E-4,2800000
Cardano,5.412E-4,1300000
TienCypress,5.412E-4,69500
BlockChain_CK,5.412E-4,314600
oasys_games,5.412E-4,123600
BitcoinFear,5.412E-4,723600
bitcoingold,5.412E-4,112300
BTCFoundation,5.412E-4,373500
Bitcoin_Buddah,5.412E-4,453700
BitcoinCats1Cat,5.412E-4,314300
DeFi,5.412E-4,307100
OpenOceanGlobal,5.412E-4,400600
0xPolygonDeFi,5.412E-4,293000
Defi_Maestro,5.412E-4,53500
SovrynBTC,5.412E-4,82300
DefiLlama,5.412E-4,298100
PaikCapital,5.412E-4,75900
DeFi_Dad,5.412E-4,160700
Coinbase_NFT,5.412E-4,518400
MathVerseNFT,5.412E-4,403600
CGAAPromo,5.412E-4,1000000
TheMCACrypto,5.412E-4,445000
ranpromoter,5.412E-4,723300
RaritySniperNFT,5.412E-4,424700
nftscan_com,5.412E-4,144900
nft_souffl3,5.412E-4,236000
THENFTSTAR,5.412E-4,143900
GeoffreyHuntley,5.412E-4,50900
nftfreaks,5.412E-4,114700
web3games,5.412E-4,104000
din_lol_,5.412E-4,358700
web3dome,5.412E-4,244900
FukuSquad100x,5.412E-4,244800
TheGariNetwork,5.412E-4,186100
Web3_Protocol,5.412E-4,105000
SuperDappAI,5.412E-4,101500
dappOS_com,5.412E-4,204700
Swapr_dapp,5.412E-4,59300
BLoveDApp,5.412E-4,155700
DappRadar,5.412E-4,238800
hodlstrong_,5.412E-4,50400
MrHodl,5.412E-4,62000
ethereumJoseph,5.412E-4,317800
ETH_Daily,5.412E-4,114700
tradingview,5.412E-4,797700
trading,5.412E-4,101200
business,5.412E-4,9500000
SGXGroup,5.412E-4,143700
PokemonTCG,5.412E-4,198700
NasdaqExchange,5.412E-4,762400
Shell,5.412E-4,570300
AltcoinsThunder,5.412E-4,55000
AltGemHunter,5.412E-4,117000
AltcoinMoe,5.412E-4,102900
AltcoinBernays,5.412E-4,442000
AltcoinWorldcom,5.412E-4,117300
Altcoinbuzzio,5.412E-4,165500
token2049,5.412E-4,112500
BscPitbull,5.412E-4,194500
SimonsCatMeme,5.412E-4,233300
AttentionToken,5.412E-4,264600
LadyofCrypto1,5.412E-4,562400
MIXMARVELGAME,5.412E-4,131800