kucoincom,4.352E-3,3400000
saylor,4.285E-3,3700000
VitalikButerin,4.065E-3,5500000
BitcoinMagazine,3.504E-3,3400000
base,3.253E-3,863000
brian_armstrong,3.133E-3,1400000
PentagonGamesXP,2.804E-3,528300
BAYC244,2.716E-3,90213
binance,2.699E-3,13700000
jessepollak,2.581E-3,167600
pete_rizzo_,2.467E-3,126300
cryptocom,2.332E-3,2900000
paik_michael,2.289E-3,95437
yourealazyfvck,2.289E-3,69900
wintermute_t,2.284E-3,79500
IshaqNamajee,2.274E-3,72733
CryptoWizardd,2.204E-3,748600
cz_binance,2.185E-3,9100000
coindeskpodcast,2.166E-3,50380
CoinDesk,2.156E-3,3200000
flufworld,2.104E-3,69500
zerohedge,2.077E-3,1900000
worldofdypians,2.038E-3,312900
Cointelegraph,2.009E-3,2300000
okx,1.977E-3,5700000
iamDCinvestor,1.956E-3,250200
0xPolygon,1.904E-3,2000000
coingecko,1.875E-3,2100000
elonmusk,1.861E-3,206400000
CryptoDonAlt,1.85E-3,621000
News_Of_Alpha,1.769E-3,153000
futureverse,1.697E-3,62700
balajis,1.652E-3,1000000
TrustlessState,1.585E-3,226000
agespiritual,1.548E-3,50380
DWFLabs,1.496E-3,112000
waleswoosh,1.483E-3,108400
ensdomains,1.474E-3,265400
bitcoinmagazine,1.45E-3,50380
Austin_Federa,1.439E-3,116700
Coredao_Org,1.439E-3,2200000
izebel_eth,1.43E-3,66109
MonstersCoins,1.423E-3,175300
allinonedao,1.395E-3,79538
carlabitcoin,1.394E-3,71100
econoar,1.389E-3,164000
nic__carter,1.367E-3,396900
frontrunnersx,1.342E-3,54557
wiseadvicesumit,1.333E-3,296100
kaiynne,1.307E-3,128300
aeyakovenko,1.306E-3,434200
MartiniGuyYT,1.304E-3,623200
AltcoinDailyio,1.302E-3,1700000
MEXC_Official,1.293E-3,1300000
leptokurtic_,1.284E-3,52800
kris,1.281E-3,340800
tabconf,1.263E-3,66973
BitgetWallet,1.249E-3,3200000
Bitcoin,1.248E-3,7100000
ForbesWeb3,1.232E-3,170900
ton_blockchain,1.23E-3,2500000
paoloardoino,1.224E-3,249300
mteamisloading,1.22E-3,64466
crypto_banter,1.187E-3,423600
sassal0x,1.185E-3,260399
CryptoKingKeyur,1.181E-3,213400
jackmallers,1.164E-3,425000
Crypto_Texan,1.161E-3,54871
crypto_dep,1.153E-3,50380
ki_young_ju,1.139E-3,375700
CoinstoreExc,1.134E-3,145900
Tradermayne,1.114E-3,476800
rphmeier,1.109E-3,88572
_jefflau,1.088E-3,66443
MMCrypto,1.079E-3,1500000
pudgypenguins,1.077E-3,169000
TheRootNetwork,1.054E-3,65900
oddgems,1.049E-3,104400
Tether_to,1.048E-3,503400
Ashcryptoreal,1.043E-3,1300000
DzambhalaHODL,1.029E-3,78908
aixbt_agent,1.026E-3,80900
CoinMarketCap,1.023E-3,6400000
naiivememe,1.021E-3,190600
officialmcafee,1.009E-3,1100000
TheCryptoLark,9.962E-4,1200000
altcoindailyio,9.961E-4,50380
Stacks,9.933E-4,227300
cointelegraph,9.782E-4,50380
LFG_org,9.781E-4,129199
deepcoin_news,9.682E-4,181500
ice_blockchain,9.658E-4,2700000
crypto_condom,9.654E-4,102600
nvk,9.606E-4,136000
luganoplanb,9.598E-4,50380
karpathy,9.563E-4,1100000
RenecBlockchain,9.517E-4,120500
CryptoTony__,9.435E-4,475700
GraFunLabs,9.403E-4,65627
BTC_Archive,9.295E-4,1500000
Pell_Network,9.248E-4,203000
neiro,9.188E-4,59300
watcherguru,9.163E-4,50380
cryptonobler,9.12E-4,50380
diamondhandzz,9.022E-4,65842
godfred_xcuz,9.021E-4,55437
cb_doge,8.988E-4,1000000
therealchaseeb,8.966E-4,68500
0xafonso,8.899E-4,94080
punk1685,8.898E-4,167700
0xPiracyData,8.86E-4,56475
Route2FI,8.812E-4,343000
bitgetglobal,8.804E-4,4300000
blknoiz06,8.756E-4,50380
Web3WithBinance,8.693E-4,2500000
BNBCHAIN,8.691E-4,3600000
noahhweb3,8.65E-4,50380
gladstein,8.573E-4,239000
MustStopMurad,8.56E-4,539500
moraliscom,8.531E-4,57236
Breedlove22,8.45E-4,389600
ton_society,8.437E-4,1000000
Defi_Warhol,8.436E-4,78976
trygamma,8.418E-4,78067
altcryptogems,8.345E-4,50380
blockchainchick,8.32E-4,124700
pushpendrakum,8.295E-4,415300
cryptoemdarks,8.275E-4,50380
flow_blockchain,8.262E-4,199100
hodlonaut,8.191E-4,129400
CryptoEmdarks,8.182E-4,134900
HTX_Global,8.073E-4,1600000
0xMert_,8.072E-4,164100
scupytrooples,7.943E-4,98300
justinsuntron,7.938E-4,3600000
naval,7.933E-4,2600000
theravencrypto,7.889E-4,50380
Excellion,7.868E-4,318600
bitcoinoptech,7.765E-4,87153
cryptodonalt,7.745E-4,50380
100trillionUSD,7.742E-4,2000000
rovercrc,7.706E-4,976700
bybit_web3,7.676E-4,50380
lookonchain,7.658E-4,496900
gavofyork,7.652E-4,422400
onchaintimes,7.641E-4,53949
CryptoMichNL,7.62E-4,745500
jchervinsky,7.602E-4,136100
stablekwon,7.591E-4,905600
Crypto_Jargon,7.587E-4,57600
TheDeFinvestor,7.549E-4,128699
Crypto_Dep,7.5E-4,111700
ethena_labs,7.474E-4,194000
rushimanche,7.468E-4,68984
davidmarcus,7.441E-4,182900
agentfunai,7.362E-4,57241
lakings,7.362E-4,60000
coinexcom,7.266E-4,375100
coredao_org,7.262E-4,50380
mecryptomonk,7.243E-4,98257
penpiexyz_io,7.236E-4,50380
evan_van_ness,7.164E-4,116100
thedefiedge,7.142E-4,284700
MosoHQ,7.116E-4,95400
eliz883,7.113E-4,483100
heyibinance,7.105E-4,329400
krakenpro,7.077E-4,64444
Optimism,7.074E-4,714300
LouisCooper_,7.038E-4,79500
LBank_Exchange,6.991E-4,642600
altcryptocom,6.985E-4,210000
ag_dwf,6.965E-4,71300
BTC_OS,6.932E-4,60100
ViktorDefi,6.929E-4,78600
AltGemsAlert,6.911E-4,96500
adam3us,6.907E-4,618500
MinswapDEX,6.903E-4,68400
peteschroeder,6.888E-4,50519
milesdeutscher,6.839E-4,575800
investverified,6.831E-4,50380
btckaz,6.803E-4,50380
BTCTN,6.797E-4,3000000
coinmamba,6.793E-4,306500
litecoin,6.76E-4,1100000
DoctorX_Meme,6.745E-4,676800
MultiversX,6.745E-4,993200
TheBlueMatt,6.739E-4,73600
muneeb,6.705E-4,118200
BeatlesPOW,6.705E-4,68820
cryptogems555,6.688E-4,407000
certikventures,6.657E-4,50380
alpha_pls,6.655E-4,116300
cryptorecruitr,6.628E-4,273300
CryptoSavingExp,6.626E-4,117400
thedapplist,6.578E-4,55444
MartyBent,6.565E-4,244700
mycryptoheroes_,6.561E-4,82740
TheBitcoinConf,6.556E-4,233000
Neo_Blockchain,6.553E-4,421600
TalentProtocol,6.553E-4,130300
anndylian,6.515E-4,177900
sandeepnailwal,6.508E-4,331900
Wagmipad,6.508E-4,86100
exlawyernft,6.501E-4,84502
cryptonews,6.494E-4,120400
CFTC,6.494E-4,76700
AltcoinJase,6.494E-4,74700
zhusu,6.494E-4,608100
farhipaul1,6.486E-4,65613
minhokim,6.478E-4,69800
artherachain,6.464E-4,213100
Uniswap,6.445E-4,1300000
Dennis_Porter_,6.442E-4,193400
sanyi_eth_,6.434E-4,205700
krakenfx,6.432E-4,1500000
TheCryptoDog,6.432E-4,844900
pendle_fi,6.431E-4,138800
ZircuitL2,6.419E-4,460900
bingxofficial,6.417E-4,50380
DocumentingBTC,6.417E-4,981000
NIETTANFT,6.41E-4,93757
bloodgoodBTC,6.405E-4,284000
neiljacobs,6.399E-4,50380
web3withbinance,6.391E-4,50380
RACA_3,6.391E-4,618600
tyler,6.376E-4,1000000
cometcalls,6.376E-4,81500
herogamer21btc,6.349E-4,51058
a16zcrypto,6.347E-4,119600
HodlMagoo,6.344E-4,51000
yciyccom,6.344E-4,97268
scottleowarrior,6.344E-4,50380
IscoFWeb3,6.344E-4,87505
roninlaunchpad,6.344E-4,99804
EARNMrewards,6.335E-4,468400
CryptoNoach,6.335E-4,51100
RyanSAdams,6.335E-4,249400
americanhodl8,6.335E-4,70200
filecoin,6.33E-4,50380
chinigives,6.33E-4,50380
fonspromo,6.33E-4,50380
worldofbezogia,6.33E-4,82969
capncookie_eth,6.33E-4,63239
ledoublea2,6.33E-4,68078
stevenwellens,6.33E-4,55591
RateX_Dex,6.33E-4,67785
cecilia_hsueh,6.33E-4,53455
cardosofede,6.33E-4,86043
gam3sgg_,6.325E-4,50380
buildwithscroll,6.325E-4,50380
HeLa_Labs,6.325E-4,56700
youngparrotnft,6.322E-4,174400
TCryptoCurrency,6.322E-4,63100
bobbinth,6.319E-4,52434
EntityFinance,6.319E-4,50380
0xmadb00,6.319E-4,50380
mypethooligan,6.316E-4,112300
metamaskdev,6.309E-4,50380
0xNovabits,6.309E-4,116200
Netvrk_Official,6.309E-4,109600
daumeneth,6.309E-4,56600
TurboToadToken,6.305E-4,97400
richardheartwin,6.3E-4,50380
KillaStan420,6.292E-4,57025
Nakamigos,6.292E-4,56579
cryptoled0,6.292E-4,50380
WalkerAmerica,6.271E-4,54800
w_s_bitcoin,6.271E-4,68000
Awawat_Trades,6.267E-4,129800
Gaianet_AI,6.263E-4,352200
Noahhweb3,6.26E-4,179900
rujira_intern,6.248E-4,50380
nswap_collabs,6.248E-4,50380
cellulalifegame,6.248E-4,317100
SwordsnDungeons,6.248E-4,74600
worldcoindevs,6.244E-4,92407
smartlayer,6.244E-4,50380
dominic_w,6.244E-4,208600
buildoncyber,6.244E-4,50380
notgrubles,6.241E-4,61100
suinetwork,6.234E-4,50380
sacabamfun,6.234E-4,91965
NickNFTn,6.234E-4,50380
maxkeiser,6.228E-4,607500
natbrunell,6.228E-4,355600
crypto,6.228E-4,1200000
bartjh1107,6.227E-4,50380
gawsstiph,6.219E-4,50380
missy__crypto,6.219E-4,50380
DeFi,6.159E-4,307100
DefiLlama,6.159E-4,298100
degeneratenews,6.159E-4,50380
thebitcoinconf,6.159E-4,50380
vikrantnyc,6.159E-4,87060
hodl15capital,6.159E-4,50380
dio_klv,6.159E-4,62087
lingocoins,6.159E-4,50380
alexjmingolla,6.159E-4,80731
KAPOTHEGOAT01,6.159E-4,258700
boldleonidas,6.096E-4,58300
iampaulgrewal,6.05E-4,78700
rhett,6.009E-4,99564
ACCorruption,6.009E-4,51075
AutismCapital,5.994E-4,585300
ardizor,5.984E-4,412200
BitMartExchange,5.981E-4,1500000
MaxAndStacyGolf,5.976E-4,69437
AltCryptoGems,5.901E-4,450600
pmarca,5.9E-4,1600000
evanmoyer_eth,5.794E-4,69728
katherineykwu,5.794E-4,72100
bitcoinnewscom,5.773E-4,50380
DefiIgnas,5.754E-4,115900
PrestonPysh,5.743E-4,527200
JasonPLowery,5.743E-4,126700
blockchain,5.67E-4,1300000
danheld,5.62E-4,736700
coryklippsten,5.62E-4,248900
IIICapital,5.509E-4,79200
defi_monk,5.449E-4,89658
pizza_pets,5.398E-4,67500
marionawfal,5.38E-4,50380
supra_labs,5.38E-4,50380
yapglobalteam,5.345E-4,50380
Davincij15,5.332E-4,722900
venomfoundation,5.33E-4,50380
venom_network_,5.33E-4,50380
Esk3nder,5.218E-4,99967
CoreyCaplan3,5.202E-4,58742
TheMoonCarl,5.192E-4,1400000
MacnBTC,5.184E-4,546300
coinbureau,5.172E-4,904800
mint_blockchain,5.165E-4,50380
CryptoNobler,5.148E-4,175100
phtevenstrong,5.146E-4,100600
hasufl,5.123E-4,225400
BinanceAcademy,5.101E-4,708300
crypthoem,5.073E-4,126300
Dynamo_Patrick,5.073E-4,83100
ThorHartvigsen,5.073E-4,88900
aaronmcdnz,5.017E-4,73663
jasonappleton,5.01E-4,57600
CryptoStatuette,5.001E-4,74476
XTexchange,4.991E-4,422800
MessariCrypto,4.988E-4,382400
cgaapromo,4.981E-4,50380
Vivek4real_,4.974E-4,116800
Tuteth_,4.973E-4,90974
tuteth_,4.973E-4,50380
Sheldon_Sniper,4.971E-4,515299
bitcoincoreorg,4.955E-4,173900
rektdiomedes,4.954E-4,88800
kcryptoinvest,4.95E-4,401900
hyperbridge,4.948E-4,81125
Tabichain,4.946E-4,1500000
WalletConnect,4.941E-4,128100
ontologynetwork,4.941E-4,50380
0xSteadyLads,4.928E-4,90006
MetisL2,4.921E-4,235500
ipprofevans,4.919E-4,50380
steven_ehrlich,4.919E-4,50380
ether_fi,4.918E-4,191200
shanicucic96,4.911E-4,167000
gamblorcasino,4.911E-4,50380
UnmarshalAI,4.899E-4,77600
vaporfund,4.899E-4,50380
cryptodotnew,4.879E-4,87000
EthanAFC4,4.877E-4,73097
zkbaseofficial,4.876E-4,50380
detrip_network,4.876E-4,50380
LamarCookal,4.875E-4,70174
VARshad_,4.875E-4,74552
Mint_Blockchain,4.869E-4,379900
ALEXLabBTC,4.869E-4,107700
EthereumPoW,4.869E-4,69800
goplussecurity,4.869E-4,50380
RazorDAO,4.869E-4,183700
QuillFi,4.869E-4,82415
theblock__,4.869E-4,50380
Pizza_Ninjas,4.869E-4,69703
haqabihq,4.866E-4,50380
memstagram_com,4.866E-4,50380
AlienSwap_NFT,4.861E-4,155900
thetoriant,4.86E-4,50380
Web3foundation,4.847E-4,136900
Croesus_BTC,4.84E-4,73000
solsniperxyz,4.836E-4,88028
skyecosystem,4.836E-4,50380
BLove_Coin,4.836E-4,286400
Crypto2666,4.836E-4,76452
intocryptoverse,4.828E-4,904200
0xngmi,4.826E-4,139500
danielwworrall,4.825E-4,68533
cryptoslate,4.824E-4,50380
birdeye_so,4.824E-4,72400
brutal_ens,4.824E-4,89761
bnbchain,4.824E-4,50380
jerrybrito,4.819E-4,58500
saakuru_labs,4.813E-4,197600
hosseeb,4.813E-4,97300
TalusNetwork,4.813E-4,50043
htx_dao,4.813E-4,50380
hotcoinglobal,4.813E-4,50380
KiiChainio,4.813E-4,61955
Polkadot,4.801E-4,1500000
altgemsalert,4.798E-4,50380
naniXBT,4.79E-4,58700
BLOCKLORDS,4.788E-4,319200
elonmuskpda,4.788E-4,50380
mrbigwhalereal,4.788E-4,50380
alex420sol,4.781E-4,50380
livingbycrypto,4.781E-4,80518
KeystoneWallet,4.781E-4,50380
jayasheel22,4.781E-4,50380
ArtOnBlockchain,4.778E-4,114600
CryptooAdy,4.758E-4,356800
CryptooIndia,4.758E-4,354000
MrDiamondhandz1,4.758E-4,105200
realdanielnita,4.758E-4,63700
cryptocomnft,4.745E-4,499000
cronos_chain,4.745E-4,280200
LoadedLions_CDC,4.745E-4,99100
VVS_finance,4.745E-4,138300
TectonicFi,4.745E-4,87800
ericnode,4.745E-4,55500
cryptocom_BR,4.745E-4,70500
_CryptoDiamond,4.745E-4,76734
Savin0x,4.745E-4,83220
CroHodler,4.745E-4,81951
onchain_wallet,4.745E-4,70857
cryptocomarena,4.745E-4,150300
sixers,4.745E-4,2300000
apecoin,4.744E-4,431200
bitcoin_teddy,4.744E-4,50380
vlaunchcom,4.744E-4,51000
cryptomanran,4.724E-4,881800
CryptoWendyO,4.724E-4,402600
Cobratate,4.708E-4,10400000
wallet,4.696E-4,2000000
joesquawk,4.692E-4,50380
BillAckman,4.692E-4,1500000
pythianism,4.651E-4,105100
usualmoney,4.597E-4,98000
paritytech,4.583E-4,65700
_RichardTeng,4.545E-4,315500
VenomFoundation,4.531E-4,1200000
cryptojack,4.506E-4,381800
dl_research,4.496E-4,66875
mms_blockchain,4.425E-4,50380
nflallday,4.425E-4,75380
jespow,4.408E-4,211100
ryanberckmans,4.379E-4,61480
rocket_pool,4.379E-4,50380
Blockworks_,4.379E-4,400900
coachkcrypto,4.379E-4,50380
cryptosr_us,4.379E-4,50380
HaloDotSocial,4.377E-4,233600
btc_archive,4.363E-4,50380
Bybit_Official,4.345E-4,4900000
CryptoEmpressX,4.334E-4,114100
cryptofied1,4.334E-4,50380
EraldOnChain,4.334E-4,75329
padgeofficial,4.33E-4,50380
utxoglobal,4.33E-4,50380
UTXOGlobal,4.33E-4,88177
jf3479,4.329E-4,50380
dukeofcrypto_,4.329E-4,65346
quanticflare,4.329E-4,73097
suilendprotocol,4.328E-4,95400
suitropicalweek,4.328E-4,87910
coinstats,4.328E-4,64828
ShiLLin_ViLLian,4.326E-4,132400
kevinsvenson_,4.319E-4,50380
bitstein,4.3E-4,112700
BitMartResearch,4.24E-4,445900
Crypto_OxineEth,4.24E-4,334500
CryptoKaduna,4.208E-4,179600
RiddlerDeFi,4.208E-4,52000
n1ckler,4.197E-4,95254
hrdng,4.197E-4,53692
x23_ai,4.193E-4,66597
kentf,4.193E-4,66335
SimplyBitcoinTV,4.188E-4,92100
_WOO_X,4.137E-4,259800
Galxe,4.131E-4,1500000
bitcoinissaving,4.123E-4,50380
iwanrabbinstein,4.123E-4,50380
realghodl,4.123E-4,50380
GarethSoloway,4.119E-4,225500
IvanOnTech,4.119E-4,481400
bitmetis,4.119E-4,50380
stake_unlimited,4.119E-4,60322
savingdao,4.119E-4,50380
BingXOfficial,4.104E-4,906300
modenetwork,4.094E-4,282700
howardlutnick,4.087E-4,106700
BitwiseInvest,4.087E-4,63500
RonPaul,4.087E-4,1200000
slush,4.087E-4,50100
CaitlinLong_,4.087E-4,234500
pwuille,4.087E-4,98800
halfin,4.087E-4,123400
NickSzabo4,4.087E-4,353300
0xbim_gg,4.077E-4,50380
joeykrug,4.077E-4,58364
KieranPDennis,4.077E-4,97509
starrynift,4.076E-4,50380
dimaiglobal,4.076E-4,50380
arris_io,4.076E-4,50380
metaarenagaming,4.076E-4,50380
enterprimal,4.076E-4,180000
DigiFinex,4.076E-4,310100
tapfantasy2021,4.076E-4,247600
Gateio_Startup,4.076E-4,428400
cvl_network,4.076E-4,71432
JackNiewold,4.075E-4,116300
Cryptoyieldinfo,4.075E-4,101800
nicksdjohnson,4.066E-4,82500
signinwitheth,4.066E-4,60128
poapfr,4.066E-4,90432
erni_eth,4.066E-4,64236
WesdEth,4.066E-4,57543
GoDaddy,4.066E-4,283600
aurbelis,4.066E-4,96465
frensday,4.066E-4,68783
184eth,4.066E-4,63028
mvcura,4.066E-4,82153
gregskril,4.066E-4,93887
domicoeth,4.066E-4,67091
ENS_DAO,4.066E-4,76843
woonomic,4.038E-4,1100000
theRealKiyosaki,4.036E-4,2600000
OOKCLabs,3.978E-4,70292
142pactflyfish,3.978E-4,50380
SpaceIDProtocol,3.938E-4,797100
PeterMcCormack,3.937E-4,554600
RadarHits,3.937E-4,342300
scottmelker,3.934E-4,981300
thecryptolark,3.934E-4,50380
bull_bnb,3.92E-4,425700
KongBTC,3.92E-4,136900
OldInternetFeel,3.92E-4,279900
adinross,3.92E-4,2600000
hasbulla_main,3.92E-4,455400
tarsprotocol,3.92E-4,219200
SenLummis,3.92E-4,140300
LitestApp,3.92E-4,75225
CabalCrypto,3.92E-4,69500
TimDraper,3.915E-4,259500
BinanceLabs,3.915E-4,670800
Amoschencheng,3.915E-4,75849
RachelConlan,3.915E-4,99427
TeamKhabib,3.915E-4,2300000
SealSendEmail,3.915E-4,326900
Snowboy_Of_ION,3.915E-4,79580
CertiK,3.915E-4,464700
ice_apoll0,3.915E-4,51842
TheApeList_,3.912E-4,152000
bsc_daily,3.908E-4,775500
Pentosh1,3.908E-4,827700
BuildOnCyber,3.908E-4,602800
MathWallet,3.898E-4,925400
NBATopShot,3.869E-4,256000
flowverse_,3.869E-4,69997
TheFirstMint,3.869E-4,73300
PackripEwing,3.869E-4,59588
roham,3.869E-4,83500
OwnTheMomentNFT,3.869E-4,93364
NFLALLDAY,3.869E-4,67600
LgDoucet,3.869E-4,67277
DiamondNFL,3.869E-4,87838
alxocity,3.869E-4,86549
DimensionX_NFT,3.869E-4,64676
GaiaMarketplace,3.869E-4,54921
jimboslicer69,3.869E-4,53853
cyrilXBT,3.868E-4,125500
jgarzik,3.836E-4,95100
AITECHio,3.833E-4,517100
BrendanEich,3.832E-4,183000
LightDotSo,3.822E-4,156800
Port3Network,3.821E-4,334500
CryptoCred,3.82E-4,663900
MetaMask,3.814E-4,1200000
LiveArtX,3.8E-4,451100
TheDustyBC,3.797E-4,217000
CryptoBusy,3.797E-4,151800
TKralow,3.797E-4,128900
Jamyies,3.797E-4,94900
cryptobratan1,3.797E-4,72154
CryptoMo,3.797E-4,72200
MarzellCrypto,3.797E-4,81731
Bitcoinsensus,3.797E-4,113700
cryptoseacom,3.797E-4,53904
FlamingoFinance,3.793E-4,64670
GrabowskiDylan,3.793E-4,68739
PolyNetwork2,3.793E-4,64300
ONTOWallet,3.793E-4,197000
NEOnewstoday,3.793E-4,162500
nashsocial,3.793E-4,62100
ghostmarketio,3.793E-4,70816
real_Mr_google,3.793E-4,58633
dahongfei,3.793E-4,53500
OMOSwapX,3.793E-4,125600
coz_official,3.793E-4,92675
DogeRift,3.793E-4,88329
BinanceFutures,3.791E-4,460500
DaCryptoPirates,3.79E-4,81277
karl_0x,3.787E-4,71900
markets,3.786E-4,1800000
BW,3.786E-4,2200000
opinion,3.786E-4,545300
BloombergAsia,3.786E-4,171600
LadyofCrypto1,3.776E-4,562400
BGameAlliance,3.764E-4,77951
TaschaLabs,3.763E-4,166200
gametheorizing,3.763E-4,111300
thehealthb0t,3.756E-4,521400
rektcapital,3.756E-4,519000
CryptoGirlNova,3.75E-4,136100
defiprincess_,3.75E-4,137500
trondao,3.742E-4,1600000
ForbesCrypto,3.742E-4,586600
chrispavlovski,3.742E-4,295700
DOGE,3.742E-4,2200000
vaneck_us,3.742E-4,76800
TON_CAPITAL,3.742E-4,322000
ANEX_TOKEN,3.739E-4,83506
solanamobile,3.735E-4,258700
orca_so,3.735E-4,151600
BiconomyCom,3.735E-4,265900
BitcoinIsSaving,3.735E-4,257200
stephanlivera,3.735E-4,171200
WuBlockchain,3.733E-4,500200
usithetalk,3.733E-4,195400
sander_gortjes,3.733E-4,52091
NetworksManager,3.733E-4,159600
AlgoFoundation,3.733E-4,160400
migueldeicaza,3.733E-4,94800
terrajobst,3.733E-4,80564
firstdrafthell,3.733E-4,70263
praeclarum,3.733E-4,54498
domenkozar,3.733E-4,93086
timheuer,3.733E-4,57806
Aaronontheweb,3.733E-4,73388
KedarK04,3.732E-4,59229
ValeriaStudios,3.732E-4,225200
Kanetix22,3.732E-4,68575
MissTechBM,3.732E-4,89289
kinkyd247,3.732E-4,85758
Rahim_mahtab,3.732E-4,57388
kolyan_trend,3.732E-4,60690
TheDegenBoii,3.732E-4,99686
mywebacy,3.732E-4,87100
jacobelmon,3.732E-4,70121
Cologne_Dude,3.732E-4,74414
Moongate,3.732E-4,242400
Iamecki,3.732E-4,75454
Indigo_protocol,3.732E-4,95994
MuesliSwapTeam,3.732E-4,85407
dcspark_io,3.732E-4,58864
De_FiSecurity,3.732E-4,70890
maria_cosmosfi,3.732E-4,81012
MichaelRosmer,3.732E-4,62780
FlintWallet,3.732E-4,84760
Milkomeda_com,3.732E-4,58698
RangoExchange,3.732E-4,163300
XcashX32242,3.732E-4,55112
nicky_sap,3.723E-4,81772
mattzahab,3.723E-4,59156
DiviProject,3.723E-4,85113
cryptonews_FR,3.723E-4,96200
strack_ben,3.723E-4,62056
calebsilver,3.723E-4,85689
BitcoinMagNL,3.723E-4,93409
nlcryptonews,3.723E-4,69361
realDonaldTrump,3.723E-4,95400000
KamalaHarris,3.723E-4,21100000
Margexcom,3.723E-4,70750
SECGov,3.723E-4,757200
CFTCjohnson,3.723E-4,96747
CFTCpham,3.723E-4,53645
cftcmersinger,3.723E-4,83488
CFTCcgr,3.723E-4,52722
WhiteHouse,3.723E-4,8800000
POTUS,3.723E-4,36700000
SecYellen,3.723E-4,382200
annsaphir,3.723E-4,50676
OfficialRFDTV,3.723E-4,51200
kadhim,3.723E-4,69765
TomZanki,3.723E-4,94992
well3official,3.723E-4,589848
ZooVerseFriends,3.723E-4,53500
nanoblackbox,3.723E-4,53500
IsekaiMeta,3.723E-4,110300
Dres_Empire,3.723E-4,92900
PGgroup_,3.723E-4,203700
KevinSusanto,3.723E-4,181193
AerodromeFi,3.723E-4,80400
SPINLIFEtv,3.723E-4,74175
CityNolimit,3.723E-4,84498
law_jon,3.723E-4,50172
Subli_Defi,3.723E-4,71949
BetMode_io,3.723E-4,70251
supernftwars,3.72E-4,110200
EFDevcon,3.72E-4,79896
CryptoKaleo,3.719E-4,668200
trader1sz,3.719E-4,629900
gainzy222,3.719E-4,264500
Trader_XO,3.719E-4,483600
HsakaTrades,3.719E-4,559800
IncomeSharks,3.719E-4,573800
RookieXBT,3.719E-4,465300
crypto_bitlord7,3.719E-4,369100
inversebrah,3.719E-4,326200
Shibtoken,3.719E-4,3800000
ImCryptoMessiah,3.713E-4,353000
haydenzadams,3.708E-4,293900
superphiz,3.708E-4,57500
rogerkver,3.706E-4,746000
the_proptrader,3.697E-4,50700
PolygonDaily,3.694E-4,84500
Bybit_Web3,3.691E-4,608800
taskonxyz,3.691E-4,931800
nkabenka89297,3.691E-4,58311
w3meetapp,3.691E-4,64099
feature_earning,3.691E-4,77635
web_3space,3.691E-4,50380
Steve_Cryptoo,3.683E-4,109700
Meta_Machina,3.683E-4,75084
klever_io,3.683E-4,270600
OrdifyWorld,3.683E-4,244300
kommunitasnet,3.683E-4,299800
Changelly_team,3.683E-4,72800
creepyweb3,3.683E-4,68464
BloombergTV,3.677E-4,818200
HIOmusicapp,3.672E-4,84086
VenusProtocol,3.663E-4,228300
economics,3.655E-4,664400
wealth,3.655E-4,118000
Nasdaq,3.655E-4,125900
Ralvero,3.651E-4,196800
ChinaPumpWXC,3.651E-4,285600
Cryptic_Maestro,3.651E-4,147400
ElonMuskPDA,3.651E-4,246800
CryptoGemsCom,3.651E-4,386800
DMBrumField,3.651E-4,82672
inkonchain,3.651E-4,85907
SpursWomen,3.651E-4,87000
SpursOfficial,3.651E-4,8800000
Atleti,3.651E-4,5500000
pdimitrakos,3.651E-4,79473
Crypto_ISAC,3.651E-4,75622
Bivu_D,3.651E-4,64103
JDMikeJ,3.651E-4,91541
RaposaCoffeeCo,3.651E-4,77399
OneMorePeter,3.65E-4,50600
Memeland,3.65E-4,2300000
POPCATSOLANA,3.65E-4,84400
RealFlokiInu,3.65E-4,665700
dogecoin,3.65E-4,4099999
pepecoineth,3.65E-4,710000
ixfiexchange,3.65E-4,145000
Figment_io,3.65E-4,53539
dak,3.65E-4,1400000
CurveFinance,3.65E-4,361700
iotex_io,3.648E-4,303700
IOST_Official,3.648E-4,273200
poweredbyicx,3.648E-4,178200
DGBAT_Official,3.648E-4,80312
MyMonero,3.648E-4,83059
cryptoaicon,3.648E-4,50406
xrplapex,3.648E-4,77388
singularity7x,3.648E-4,99022
BlLife_Forum,3.648E-4,62133
temp_projects,3.648E-4,99344
0x__One,3.648E-4,69960
rud_alla23,3.648E-4,52100
cehlos,3.648E-4,281700
TheCoffeeBlock,3.641E-4,56200
thebreadmakerx,3.641E-4,51485
SaaSGoOfficial,3.641E-4,68000
jimmysong,3.641E-4,337700
remitano,3.64E-4,177200
DeFi_Tycoon,3.64E-4,82100
Goalorious,3.64E-4,59685
azasend,3.64E-4,77095
WukongExchange,3.64E-4,89697
RelendOfficial,3.64E-4,78119
BoopDoge_Token,3.64E-4,85692
pamp_cat,3.64E-4,66696
WesterosCity,3.64E-4,95731
BodenMeme,3.64E-4,89226
Innovaz_io,3.64E-4,92146
PropeasyGlobal,3.64E-4,86622
FossGregfoss,3.638E-4,155400
thetrocro,3.638E-4,51900
terra_money,3.636E-4,988800
BreederDodo,3.636E-4,267300
TheYuliverse,3.636E-4,929000
APX_Finance,3.633E-4,178100
CharlieShrem,3.631E-4,256100
tokenterminal,3.625E-4,131400
RedotPay,3.625E-4,62898
OptimismGov,3.625E-4,83356
OptimismGrants,3.625E-4,64521
CreditOnChain,3.625E-4,65242
GoPlusSecurity,3.625E-4,339700
MintChain_VN,3.625E-4,58302
mintdotrich,3.625E-4,96237
LayerBankFi,3.625E-4,209000
conduitxyz,3.625E-4,69176
MintSwap_HQ,3.625E-4,61800
SuperchainEco,3.625E-4,67585
TO,3.625E-4,148300
Bifrost_Network,3.625E-4,121100
XverseApp,3.625E-4,124800
MegapontNFT,3.625E-4,67485
StacksOrg,3.625E-4,96904
mrkmcknz,3.625E-4,75350
eliherf1,3.625E-4,84055
Ryder_ID,3.625E-4,97815
btc_albert,3.625E-4,70937
mrJackLevin,3.625E-4,425200
ChandlerGuo,3.625E-4,168200
lawmaster,3.625E-4,211300
Bitcoin_Punks_,3.625E-4,53250
robertjfclarke,3.625E-4,92769
RealJonahBlake,3.625E-4,77000
camel_ark,3.625E-4,67683
CNHtOfficial,3.625E-4,57882
AntlinkPoW,3.625E-4,95650
trustlook,3.625E-4,79715
ETHW_cn,3.625E-4,57006
TheRavenCrypto,3.617E-4,1100000
TiarCrypto,3.617E-4,421100
princesspromos_,3.617E-4,380500
Airdrop6_com,3.616E-4,894100
BTCsessions,3.612E-4,144500
NeilJacobs,3.612E-4,83800
TheGuySwann,3.612E-4,88800
BTCGandalf,3.612E-4,85000
blumcrypto,3.611E-4,5500000
lubi366,3.604E-4,187000
MEFndn,3.604E-4,73900
Duck_Chain,3.604E-4,945500
reddio_com,3.604E-4,100400
ALIENXchain,3.604E-4,278000
lumozorg,3.604E-4,50380
Stocktwits,3.604E-4,1000000
BinanceFanToken,3.603E-4,132700
USMverse,3.603E-4,212200
BinanceResearch,3.603E-4,408000
BinanceBCF,3.603E-4,102800
JesuslVivas,3.603E-4,58600
artists_voyage,3.603E-4,66910
highstreetworld,3.603E-4,113100
UmairNauman_,3.603E-4,71751
CommEXRussian,3.603E-4,84300
PixelSweeper,3.603E-4,86799
CryptoJones2011,3.603E-4,51735
TheToriant,3.602E-4,1200000
DJ_GIVEAWAY2,3.602E-4,258000
bitfinex,3.587E-4,939000
Orbiter_Finance,3.586E-4,683300
MariusCrypt0,3.576E-4,158600
KoroushAK,3.576E-4,369300
blockchainedbb,3.576E-4,210200
Eunicedwong,3.576E-4,185300
RAFAELA_RIGO_,3.576E-4,147900
CryptoPoseidonn,3.576E-4,137100
H2OTOKE,3.572E-4,57717
MMTaxiService,3.572E-4,66027
edenfinex,3.572E-4,65224
VitraStudios,3.572E-4,93786
EcoWattOfficial,3.572E-4,60709
EquilibriaDevs,3.572E-4,99602
DegenEcosystem,3.572E-4,89905
AceDCoin,3.572E-4,95490
Cucumbercryptox,3.572E-4,97119
BillLaboon,3.571E-4,69977
the_seraya,3.571E-4,94271
Crypto_Comms_,3.571E-4,91675
FabianGompf,3.571E-4,96846
lalamaguire,3.571E-4,75491
RelayChain,3.571E-4,94760
ink_lang,3.571E-4,95617
kusamanetwork,3.571E-4,251700
randombishop,3.571E-4,67605
joepetrowski,3.571E-4,51183
Sebowski,3.571E-4,79652
Web3summit,3.571E-4,71134
billlaboon,3.571E-4,50380
elerianm,3.568E-4,706800
LizAnnSonders,3.568E-4,432500
ReutersBiz,3.568E-4,2700000
lisaabramowicz1,3.568E-4,388000
FerroTV,3.568E-4,178000
C_Barraud,3.568E-4,191500
dlacalle_IA,3.568E-4,153400
ecb,3.568E-4,786300
dubzyxbt,3.565E-4,189600
TableQM,3.565E-4,74556
concrete_found,3.565E-4,63583
macmojii,3.565E-4,70521
loqnft,3.565E-4,76457
PizzaGuyzNFT,3.565E-4,74359
FungibleHarry,3.565E-4,73751
baybuz_d,3.565E-4,50951
17konero,3.565E-4,87346
0xRicko,3.565E-4,71211
raizen0795,3.565E-4,91596
highman_eth,3.565E-4,76072
IOHK_Charles,3.565E-4,1000000
cardano_whale,3.565E-4,156200
CardanoFeed,3.565E-4,92000
Cardano_CF,3.565E-4,828600
InputOutputHK,3.565E-4,267700
hoskytoken,3.565E-4,80700
CryptoIRELAND1,3.565E-4,82600
TapTools,3.565E-4,51600
RichardMcCrackn,3.565E-4,75300
COTInetwork,3.565E-4,245700
LucidCiC,3.565E-4,61420
Rewkang,3.556E-4,338300
john_j_brown,3.556E-4,85000
nansen_ai,3.556E-4,313500
cryptoquant_com,3.556E-4,243100
OnchainDataNerd,3.556E-4,68800
EvgenyGaevoy,3.556E-4,57600
PeckShieldAlert,3.556E-4,90200
Coin98Analytics,3.556E-4,303500
Galois_Capital,3.556E-4,68800
FTX_Official,3.556E-4,714600
JayeHarrill,3.556E-4,93606
TokenPocket_TP,3.547E-4,695500
rajgokal,3.547E-4,258100
staratlas,3.547E-4,355200
solana_devs,3.547E-4,93884
RaydiumProtocol,3.547E-4,352700
StepFinance_,3.547E-4,74400
at_mwagner,3.547E-4,68142
jump_firedancer,3.547E-4,93423
oasyx_official,3.547E-4,50500
doublejumptokyo,3.547E-4,83188
lucianlampdefi,3.547E-4,88500
homeverse_jp,3.547E-4,91725
tcgverse,3.547E-4,63800
YGGJapan,3.547E-4,96796
ChainColosseum_,3.547E-4,119500
mycryptosaga_,3.547E-4,73774
mycryptoheroes,3.547E-4,90404
doublejump_en,3.547E-4,78308
EthereumFear,3.547E-4,126400
ksaitor,3.547E-4,50896
RealRossU,3.547E-4,214800
CuredSausage,3.547E-4,54172
layer3xyz,3.547E-4,696600
zenqiratech,3.547E-4,91639
GPTWars,3.547E-4,178200
htxintern,3.547E-4,84645
atdawn_io,3.547E-4,52350
GwynToken,3.547E-4,63735
OrdiLaunch,3.547E-4,89823
TuringBitchain_,3.547E-4,56400
JulSwap,3.547E-4,219700
daomaker,3.547E-4,760900
lista_dao,3.547E-4,334000
TrustWallet,3.547E-4,4200000
ApeBond,3.547E-4,456000
LFJ_gg,3.547E-4,378400
odosprotocol,3.547E-4,223200
wpUSDT,3.547E-4,271400
jihanicorn,3.547E-4,638100
GiveAwayHost,3.547E-4,543700
Bang_Garr,3.547E-4,448700
chitaglorya3rd,3.547E-4,263200
crypto_inez,3.547E-4,426500
ScottLEOWarrior,3.547E-4,510000
A100888,3.547E-4,431800
angel_funsized,3.547E-4,340500
furrincrypto,3.547E-4,456200
NsuredTrading,3.547E-4,70905
JokerzOfficial_,3.547E-4,69700
BitrueOfficial,3.547E-4,440000
VinDAXOfficial,3.547E-4,81770
XT_updates,3.547E-4,70400
latokens,3.547E-4,372800
PancakeSwap,3.547E-4,2000000
AscendEX_,3.547E-4,241100
catexofficial,3.547E-4,97613
WAX_io,3.547E-4,274000
alcorexchange,3.547E-4,93081
CryptoRank_io,3.547E-4,592800
RPLANETio,3.547E-4,66811
splinterlands,3.547E-4,61100
neftyblocks,3.547E-4,54926
SkyMavisHQ,3.547E-4,161900
PlayToEarn_com,3.547E-4,83649
Aggroed001,3.547E-4,68614
egamers_io,3.547E-4,62622
bc_brawlers,3.547E-4,56413
hellopixelapp,3.547E-4,252300
middleeast,3.547E-4,94300
luxury,3.547E-4,58200
BNCommodities,3.547E-4,76758
bsurveillance,3.547E-4,68500
tracyalloway,3.547E-4,193600
KHASBAAT,3.547E-4,69759
TimOBrien,3.547E-4,50000
straits_times,3.547E-4,1200000
TradeTalks,3.547E-4,69240
yeekaipin,3.547E-4,89080
ICE_Markets,3.547E-4,71700
WorldWide_Gen,3.547E-4,58139
Macro_Hive,3.547E-4,62416
valeglobal,3.547E-4,85894
BalticExchange,3.547E-4,52299
readtheedge_sg,3.547E-4,67821
DrWealthAsia,3.547E-4,65440
WorldToilet,3.547E-4,61969
SasseurREIT,3.547E-4,85745
enjoifriend,3.547E-4,91317
TordReklev,3.547E-4,73439
FrostedCaribou,3.547E-4,60588
ChipRichey,3.547E-4,90528
playpokemon,3.547E-4,221400
thewossy,3.547E-4,70950
PokemonTCGUK,3.547E-4,57053
Breaking_Nate,3.547E-4,60176
CopagPokemon,3.547E-4,67870
poke_times,3.547E-4,1900000
PokemonTCGP,3.547E-4,141400
PokemonDEU,3.547E-4,91900
Creatures_Inc,3.547E-4,78937
WhaleEverything,3.547E-4,175200
WhaleOfGems,3.547E-4,329400
AdamEShelton,3.547E-4,88300
realSidhuJag,3.547E-4,51206
AlyssaTsai,3.547E-4,62609
Vision_Chain,3.547E-4,61001
alanlau999,3.547E-4,71356
TrustEvm,3.547E-4,92813
adriannewman21,3.547E-4,72080
Newmancapitalvc,3.547E-4,95677
TobyCoinweb,3.547E-4,84210
star_okx,3.547E-4,102000
OnchainHQ,3.547E-4,99237
meta_nikola,3.547E-4,54851
Cetoex,3.547E-4,93100
BitKanOfficial,3.547E-4,83657
CryptoInsightsX,3.547E-4,116500
NOWPayments_io,3.547E-4,78600
BurnPitbull,3.547E-4,93450
SharksCoins,3.547E-4,189700
StealthEX_io,3.547E-4,55684
BscPitbull_KR,3.547E-4,86784
BNBSwap,3.547E-4,348900
ZeusInCrypto,3.547E-4,82889
PitbullbscI,3.547E-4,82862
PitmagCommunity,3.547E-4,89388
KGeN_IO,3.547E-4,145200
bakery_swap,3.547E-4,593100
relationlabs,3.546E-4,169800
DIDbased,3.535E-4,111800
nishantkumar07,3.533E-4,81082
resate_z,3.533E-4,93025
WonderyMedia,3.533E-4,111200
JeffGrocottNYC,3.533E-4,61605
antoniabmassa,3.533E-4,95723
isabelletanlee,3.533E-4,86189
cfb_18,3.533E-4,60417
LionelRALaurent,3.533E-4,86343
ElleBeyoud,3.533E-4,77379
MargiMurphy,3.533E-4,73659
jeffstone500,3.533E-4,96009
justinaknope,3.533E-4,94977
bill_allison,3.533E-4,50933
User_Quant,3.531E-4,58909
VenomBridge,3.531E-4,395100
0asisgallery,3.531E-4,386700
venompad,3.531E-4,780700
w3w_exchange,3.531E-4,443100
Venom_network_,3.531E-4,840700
DolloxNetwork,3.531E-4,95963
neuralink,3.531E-4,1500000
DarkDan94485556,3.531E-4,61325
AirdropStario,3.531E-4,1600000
josephdelong,3.531E-4,74800
antiprosynth,3.531E-4,72100
lemiscate,3.531E-4,89600
taegiveaway,3.531E-4,403600
numbersprotocol,3.531E-4,147100
ChiniGives,3.531E-4,1000000
TNT_p2e,3.531E-4,95151
PsyJayCrypto,3.531E-4,380800
Fonspromo,3.531E-4,237300
akimmemetaverse,3.531E-4,61401
CStudioNFTs,3.531E-4,88569
ZogiLabs,3.531E-4,52600
DanuGames,3.531E-4,68473
MasterMtoken,3.531E-4,71624
TastyBonesNFT,3.531E-4,223800
ToxicSkullsClub,3.531E-4,98831
SVSNFT,3.531E-4,90700
trippytoadzshow,3.531E-4,89263
los_muertosNFT,3.531E-4,50600
JungleFreaksNFT,3.531E-4,81800
PrimeApePlanet,3.531E-4,63500
metalegendsnft,3.531E-4,55600
MetaMansionsNFT,3.531E-4,55910
OogaVerse,3.531E-4,59432
WilderBeastsNFT,3.531E-4,97802
pjpp_club,3.531E-4,60175
AlphaKongsClub,3.531E-4,78700
YVP3DVirtual,3.531E-4,54757
TopGoal_NFT,3.531E-4,276700
carv_official,3.531E-4,1000000
SonicSVM,3.531E-4,480900
_p12_,3.531E-4,152900
KeplerHomes,3.531E-4,95300
Nodereal_io,3.531E-4,71500
gempegasuss,3.531E-4,93000
Mechilambre,3.531E-4,1000000
FBDToken,3.531E-4,86905
NFTG_nft,3.531E-4,74300
nodepay_ai,3.531E-4,962600
thearcticfund,3.531E-4,72013
MEVBRIDGE09,3.531E-4,92783
aliven_x,3.531E-4,57828
memeficlub,3.531E-4,3600000
bcgame,3.531E-4,319600
PAIT_fi,3.531E-4,89855
MorphL2,3.531E-4,889500
hamster_kombat,3.531E-4,13700000
TradingComposur,3.531E-4,290800
Crypto_Chase,3.531E-4,175100
OmarAgag6,3.531E-4,142200
ICT_Concepts,3.531E-4,149100
umairs02,3.531E-4,72900
MyFundedFX,3.531E-4,139000
leviathancrypto,3.531E-4,66200
TTrades_edu,3.531E-4,130300
follis_,3.531E-4,98900
TraderLion_,3.531E-4,181900
FTMO_com,3.531E-4,87900
joker_szn,3.531E-4,66300
BlogJulianKomar,3.531E-4,127700
Chevron,3.531E-4,389600
exxonmobil,3.531E-4,339900
Shell_Nigeria,3.531E-4,90882
ShellMotorsport,3.531E-4,76452
EnergyVoiceNews,3.531E-4,78690
SPGCIOil,3.531E-4,146300
bp_America,3.531E-4,187100
energyintel,3.531E-4,69400
Shell_India,3.531E-4,51162
Shell_Nederland,3.531E-4,61339
EquinorASA,3.531E-4,80600
ronbousso1,3.531E-4,96577
Shell_UKLtd,3.531E-4,66106
tristanharris,3.531E-4,193100
bitchainblok,3.531E-4,50380
themcacrypto,3.531E-4,50380
nftg_nft,3.531E-4,50380
TheHarvestGame,3.525E-4,50900
drtipsreal,3.525E-4,78300
nerve_network,3.525E-4,73100
HuntingnftTeam,3.525E-4,59843
getpipcom,3.525E-4,156400
Coinstages,3.525E-4,174400
binary_x,3.525E-4,383600
SevenXVentures,3.525E-4,90899
SuiEcoNews,3.525E-4,201600
MysticTreasure_,3.525E-4,81848
octaloophq,3.525E-4,50380
quainetwork,3.525E-4,50380
corechaincrypto,3.521E-4,811000
miidasnft,3.521E-4,173300
icecream_swap,3.521E-4,220000
CJ_Reim,3.521E-4,112200
CorexBTC,3.521E-4,97890
LFGSwap,3.521E-4,158900
BrendonSedo,3.521E-4,69505
core_believer,3.521E-4,81743
openex_network,3.521E-4,616800
KaiaChain,3.521E-4,187100
nftsales,3.521E-4,75960
partybear,3.521E-4,81166
metabloxx,3.521E-4,68305
walkerworld_,3.521E-4,79342
seekers_xyz,3.521E-4,94278
altstatemachine,3.521E-4,92520
JeffIYPK,3.521E-4,77126
ATEMCarClub,3.521E-4,68726
jmetcalfe_,3.521E-4,83434
SharaSenderoff,3.521E-4,76236
Poloniex,3.518E-4,639000
Dashpay,3.518E-4,428400
crypto_rand,3.518E-4,312500
exodus_io,3.518E-4,100800
monero,3.518E-4,496500
BasedBeffJezos,3.518E-4,141600
lopp,3.518E-4,487800
aantonop,3.518E-4,769100
Fwiz,3.518E-4,417200
NarbTrading,3.518E-4,57753
0xPolygonEco,3.518E-4,192500
MihailoBjelic,3.518E-4,66300
jdkanani,3.518E-4,64300
DablClub,3.518E-4,82648
0xPolygonFdn,3.518E-4,175300
stader_polygon,3.518E-4,84782
GainsNetwork_io,3.518E-4,61100
0xAishwary,3.518E-4,61342
MUA_MUADAO,3.518E-4,174500
Zeepr_labs,3.518E-4,160200
TakoProtocol,3.518E-4,90648
BaseShogun,3.518E-4,52388
PupsToken,3.518E-4,71362
StableWallet_ai,3.518E-4,88856
WSPNpayment,3.518E-4,67664
PythNetwork,3.518E-4,241700
Biswap_Dex,3.518E-4,321100
YeehaGames,3.518E-4,113800
NFTMillionaire,3.518E-4,150800
Poseidon_SF,3.518E-4,62400
RealKatoOG,3.518E-4,58200
bavugar,3.518E-4,62200
HoizonArt,3.518E-4,56300
leaf_swan,3.518E-4,60900
shashxg,3.518E-4,87119
BenjaminBitcoin,3.518E-4,56500
KlawMachineArt,3.518E-4,59595
Dix_0x1,3.518E-4,94756
harshitdave,3.518E-4,99485
SariraMerikhi,3.518E-4,70854
katokrew,3.518E-4,75842
reverse_visuals,3.518E-4,79352
EricJohnArt,3.518E-4,88391
c2worldmeta,3.518E-4,90372
Clashofnft,3.518E-4,80690
Assure_pro,3.518E-4,94900
perpprotocol,3.518E-4,88200
CwalletOfficial,3.518E-4,153500
TrantorDAO,3.518E-4,87000
StarryNift,3.518E-4,548300
BTC_Alert_,3.518E-4,87589
KingWilliamDefi,3.518E-4,59900
wsbmod,3.518E-4,714200
mezoteric,3.518E-4,51200
Moon1ightSt,3.518E-4,119100
0xBeraHome,3.518E-4,86992
LePokerGame,3.518E-4,64099
albert_bearynx,3.518E-4,73637
Warho1e,3.518E-4,93779
ElfinGames,3.518E-4,194400
ONEMINNFT,3.518E-4,104200
CSpaceOfficial,3.518E-4,128199
Bitget_zh,3.518E-4,70400
web3vip,3.518E-4,176800
eth_apple,3.518E-4,181800
SnockSolana,3.518E-4,50000
HuaLi_ai,3.518E-4,50000
GeorgiePP117,3.518E-4,81061
Dillon_Carter,3.518E-4,99054
ai16zdao,3.518E-4,81396
deyonte_btc,3.518E-4,61632
pippinlovesyou,3.518E-4,84551
whyarethis,3.518E-4,98246
yoheinakajima,3.518E-4,89700
somewheresy,3.518E-4,59485
AndyAyrey,3.518E-4,76100
thereal100x1,3.518E-4,82908
GemsofRa,3.518E-4,88800
KingBlackBored,3.518E-4,52100
bonk_inu,3.518E-4,364100
RevolutApp,3.518E-4,401400
UpholdInc,3.518E-4,165900
KuCoinFutures,3.518E-4,89149
gate_io,3.518E-4,2100000
RangersProtocol,3.518E-4,109000
MetaCeneGame,3.518E-4,417300
PlanXGameWallet,3.518E-4,134200
NiftyIN_NFT,3.518E-4,52100
ownity_io,3.518E-4,55414
AtmanRebelFlame,3.518E-4,95439
ArkForge_gg,3.518E-4,87247
Caliverse_io,3.518E-4,68500
0xC_Web3,3.518E-4,89620
SimSportsClub,3.518E-4,84261
SimDunkOfficial,3.518E-4,94479
ACG_WORLDS_,3.518E-4,187700
0xMantle,3.518E-4,864300
robertkennedyjr,3.518E-4,50380
dapdapmeup,3.518E-4,50380
hashkeyhsk,3.518E-4,50380
HashKeyHSK,3.518E-4,292000
__commonwealth,3.518E-4,50380
__Commonwealth,3.518E-4,73498
pionexus,3.518E-4,50380
guardawallet,3.518E-4,91823
GhostyCash,3.518E-4,85409
knutsvanholm,3.515E-4,80900
bradmillscan,3.515E-4,68400
CryptoTechDAO,3.51E-4,50000
MogCoinEth,3.51E-4,103100
PurlyWyte,3.506E-4,76600
honey808sweet,3.506E-4,131400
ktanaka13,3.506E-4,409700
0xNovaSeeds,3.506E-4,136500
navidshokriyan,3.506E-4,50000
AITECHPad,3.506E-4,64599
pruu_solana,3.506E-4,81836
Caduceus_CAD,3.506E-4,114000
AjaniSpeaks,3.506E-4,50000
MEW_zh,3.506E-4,54929
Balancer,3.506E-4,152600
paraswap,3.506E-4,110500
seer_pm,3.506E-4,69592
PresagioDev,3.506E-4,73034
Web3jobopps,3.506E-4,67005
AnnaRRose,3.506E-4,68936
MentoLabs,3.506E-4,85893
zealwallet,3.506E-4,79821
fabric_vc,3.506E-4,99458
DeFi_Made_Here,3.506E-4,83546
SOFAorgDAO,3.506E-4,53562
AngleProtocol,3.506E-4,51800
autonolas,3.506E-4,52883
cburniske,3.506E-4,310900
AriDavidPaul,3.506E-4,229200
owocki,3.506E-4,113100
LefterisJP,3.506E-4,60500
Scroll_ZKP,3.506E-4,822900
StarkWareLtd,3.506E-4,225400
ZksyncRock,3.506E-4,98400
Web3Games_Daily,3.506E-4,112000
arbitrumcore,3.506E-4,74872
ZkAnimals,3.506E-4,56048
coingeener,3.506E-4,90398
MemeRadarTK,3.506E-4,308900
SatoAiGirl,3.506E-4,88758
xstocklpicker88,3.506E-4,55918
HovCoin,3.506E-4,75027
LoLcoinsolmeme,3.506E-4,50000
DoodlesOn_SOL,3.506E-4,65536
ruggedBoy_Moon,3.506E-4,50000
LBUNNYPUMP,3.506E-4,64108
CTO_Soll_MEME,3.506E-4,59585
chillguydev,3.506E-4,52777
SinghEth100k,3.506E-4,52748
BullyBullishSol,3.506E-4,74235
twitchysolana,3.506E-4,83681
DooDooButtCoin,3.506E-4,78971
DeSci_CTO,3.506E-4,66415
NorugGuyToken,3.506E-4,64872
wallyonsolanaa,3.506E-4,56753
tamas_sudar,3.506E-4,99208
BEBE_BE1BE,3.506E-4,80300
AlterVerseGame,3.506E-4,248600
CryptoAlgebra,3.506E-4,67663
Consensys,3.506E-4,323100
sreeramkannan,3.506E-4,67825
MonkeyTiltPlay,3.506E-4,159300
LlamaNodes,3.503E-4,52950
deBridgeFdn,3.503E-4,90073
RuneKek,3.503E-4,56400
OneBalance_io,3.503E-4,63709
CurvedVentures,3.503E-4,68585
blockscoutcom,3.503E-4,84322
0xsign,3.503E-4,57587
Polariseorg,3.495E-4,72200
TYMIOapp,3.495E-4,62161
Hela_Network,3.495E-4,130500
EternalTidesNFT,3.495E-4,56665
BullBearApparel,3.495E-4,56420
savespiritair,3.495E-4,74476
Lunar_Sphinx,3.495E-4,79248
PulsechainCom,3.495E-4,122400
CombatsGame,3.495E-4,70908
JonathanSchen11,3.495E-4,89455
RuBaRu_app,3.495E-4,64763
FXStreetNews,3.495E-4,269900
lilianadeac,3.495E-4,50000
lowtohigh55,3.495E-4,50000
kazu_williams,3.495E-4,50000
Mr_WasimKhan,3.495E-4,50000
PxoSnrs,3.495E-4,81936
DuqueJaime,3.495E-4,50000
My2nero,3.495E-4,50000
betotrr,3.495E-4,50000
sathiyaseelanra,3.495E-4,50000
garetsmyth,3.495E-4,50000
cohenismael,3.495E-4,50000
Dorotheeyb,3.495E-4,50896
ighotec,3.495E-4,50000
julca744,3.495E-4,50000
Coachkcrypto,3.495E-4,132500
TheCryptoZombie,3.495E-4,124000
boxmining,3.495E-4,231300
ChicoCrypto,3.495E-4,52989
tehMoonwalkeR,3.495E-4,135800
CryptoDiffer,3.495E-4,283200
KyberNetwork,3.495E-4,295200
enjin,3.495E-4,493000
electroneum,3.495E-4,127600
crypt0snews,3.495E-4,56800
JeffKirdeikis,3.495E-4,68880
rocketbotpro,3.495E-4,60801
AirdropDet,3.493E-4,2000000
WiseCrypto_,3.493E-4,469000
XMetaversePro,3.493E-4,81500
tuum_io,3.493E-4,87400
useTria,3.493E-4,85900
Steve_Walson,3.493E-4,67561
supercell,3.493E-4,1100000
GudPaw,3.493E-4,73219
clemmygames,3.493E-4,79878
TheDogePoundNFT,3.486E-4,178600
AdamBombSquad,3.486E-4,52800
WomenandWeapons,3.486E-4,66200
BossBeauties,3.486E-4,68500
supducks,3.486E-4,61400
stapleverse,3.486E-4,83608
FightbackApes,3.486E-4,77622
WuTigerClan,3.486E-4,81305
WomenriseNFT,3.486E-4,51400
VarvaraAlay,3.486E-4,75836
andreoshea,3.486E-4,63064
youngandsick,3.486E-4,60749
kvollstaedt,3.486E-4,50000
planttdaddii,3.486E-4,65880
coinbasewallet,3.486E-4,50380
coinbase,3.486E-4,6100000
basepaint_xyz,3.486E-4,65702
MonteGlobal,3.452E-4,79464
CyworldOfficial,3.452E-4,87675
airdropblgspot,3.452E-4,692200
LumozOrg,3.452E-4,561300
MZS_Official,3.452E-4,84281
shu_bit_,3.452E-4,87574
ChainbaseHQ,3.452E-4,361200
ConfidentialLyr,3.452E-4,201700
Linewoo_,3.452E-4,84783
KEES_KUBIC,3.452E-4,98913
narayananratish,3.452E-4,84399
btc_os,3.452E-4,50380
Delphi_Digital,3.447E-4,192500
mhonkasalo,3.447E-4,54413
Dune,3.447E-4,195400
magpiexyz_io,3.445E-4,165600
iTokenWallet,3.445E-4,107000
FDLabsHQ,3.445E-4,65647
JupiterExchange,3.445E-4,444100
Fiat24Official,3.445E-4,91959
unichain,3.445E-4,76900
PanoraExchange,3.442E-4,71896
0xTrikon,3.442E-4,88200
myself_eth_,3.442E-4,86310
canaanio,3.442E-4,53198
ChrisFIR,3.442E-4,58417
MemePadSol,3.442E-4,52813
chandan1_,3.442E-4,68027
thedevwifhat,3.442E-4,83112
FauciToken,3.442E-4,84093
aptos_ind,3.442E-4,81488
KittenWif_SOL,3.442E-4,83787
garibot_,3.442E-4,50380
chingari_in,3.442E-4,50380
relai_app,3.441E-4,51800
alanbwt,3.441E-4,78926
HODLneverSODL,3.441E-4,58974
BitcoinEkasi,3.441E-4,88053
GhostofWhitman,3.441E-4,54272
coinfinity,3.441E-4,71005
thomas_fahrer,3.441E-4,69200
BigSeanHarris,3.441E-4,85162
BoldBitcoin,3.441E-4,69155
bitcoinofficesv,3.441E-4,93403
thedulab,3.438E-4,105300
LogFitz6,3.438E-4,79200
coltybrah,3.438E-4,65099
Cheguevoblin,3.438E-4,53900
mattomattik,3.438E-4,87333
blackhatwizardd,3.438E-4,147600
RealDavidMendes,3.438E-4,50000
callicrates_,3.438E-4,61900
hedgedhog7,3.438E-4,80500
SaaSWiz,3.438E-4,73252
MarketWatch,3.438E-4,4600000
YahooFinance,3.438E-4,1800000
TheStreet,3.438E-4,848000
NYSE,3.438E-4,1700000
WSJmarkets,3.438E-4,929200
barronsonline,3.438E-4,351500
SeekingAlpha,3.438E-4,272500
BobPisani,3.438E-4,120600
brave,3.438E-4,309600
lukemulks,3.438E-4,66201
BAT_Community,3.438E-4,96578
taxninja,3.438E-4,50265
BraveNightly,3.438E-4,65954
BraveSupport,3.438E-4,96999
BATinINDIA,3.438E-4,61578
LucaNetz,3.438E-4,115600
QuaiNetwork,3.438E-4,280500
bat_guilhermee,3.438E-4,61296
Ctrl_Wallet,3.438E-4,108700
Batearn,3.438E-4,84052
cryptoworld202,3.434E-4,161900
Cephii1,3.434E-4,76100
TheRyanLion,3.434E-4,74531
RujiraNetwork,3.434E-4,115800
speicherx,3.434E-4,80527
cryptrus,3.434E-4,63269
TheMoonMidas,3.434E-4,67900
ZeMariaMacedo,3.434E-4,60600
Shigeo808,3.434E-4,52800
UltiverseDAO,3.434E-4,807900
Nswapcom,3.434E-4,82900
_TokenHunter,3.434E-4,197500
CheersUP_NFT,3.434E-4,59600
wildxyz,3.434E-4,67302
mooarofficial,3.434E-4,109200
HypeSaintsNFT,3.434E-4,90786
TheBoredTea,3.434E-4,53734
SnapFingerX,3.434E-4,86900
Galaxisxyz,3.434E-4,91000
w3poker_com,3.434E-4,92986
StartaleGroup,3.434E-4,95368
soneium,3.434E-4,124300
YourJuicyBets,3.434E-4,51853
Micro3io,3.434E-4,86000
Atleta_Network,3.434E-4,155200
playCrystalFun,3.434E-4,103700
seascapenetwork,3.434E-4,119100
CryptoThro,3.434E-4,153800
ElonMuskPD,3.434E-4,2400000
cryptoknight944,3.434E-4,55044
nearprotocol,3.434E-4,50380
moondust_36,3.43E-4,97011
DianaSanchez_04,3.43E-4,888800
ranaweay,3.43E-4,190100
kyoongbh_,3.43E-4,337400
Karijelinek,3.43E-4,981600
TheRylai,3.43E-4,467900
lassetur,3.43E-4,66200
chinapumpcoin,3.43E-4,52900
EnterTheMythos,3.43E-4,137700
Airdrop_Exp,3.43E-4,147700
AhmedCH099,3.43E-4,98341
theYouthflix,3.43E-4,647200
Jrmmabini,3.43E-4,159100
SolanaAIWatch,3.43E-4,62546
Kanzz_AI,3.43E-4,94608
UniSuiCoin,3.43E-4,94564
RastislavBakala,3.43E-4,55472
worldcoin,3.43E-4,440000
Rentible_io,3.43E-4,83319
mail3dao,3.43E-4,86300
zCloakNetwork,3.43E-4,79000
DeFinePlatform,3.43E-4,85966
link3to,3.43E-4,169200
zerion,3.43E-4,331200
0xChamcha,3.43E-4,84228
incircle_tech,3.43E-4,75082
eut_io,3.43E-4,78976
Rareboard,3.43E-4,65400
0xHvdes,3.43E-4,78615
ZackMorrisSOL,3.43E-4,94686
ponkesol,3.43E-4,139000
MooDengSOL,3.43E-4,85300
thelastplaysol,3.43E-4,64113
GIGACHAD_meme,3.43E-4,61545
SolamaSPL,3.43E-4,60699
cryptogems_,3.43E-4,384000
rostikdeni,3.43E-4,74014
xiaweb3,3.43E-4,50380
CryptoNight420,3.43E-4,55770
BitcoinNewsCom,3.426E-4,178900
francispouliot_,3.426E-4,97800
SGBarbour,3.426E-4,58600
parman_the,3.426E-4,83200
giacomozucco,3.426E-4,74300
UnknownApe10,3.417E-4,336400
alienonbase,3.417E-4,50000
SuiGlobal,3.417E-4,461700
CetusProtocol,3.417E-4,412200
TheForestFamNFT,3.417E-4,133400
DigiLabsio,3.417E-4,87600
WizardLandSui,3.417E-4,163100
martian_wallet,3.417E-4,362000
Alphahateu,3.417E-4,117200
FewchaWallet,3.417E-4,120200
Legendareth,3.417E-4,52700
Hasmed_OG,3.417E-4,176600
ApStationNFT,3.417E-4,59200
injmapNFT,3.417E-4,89860
substancex_cn,3.417E-4,50380
atomicalsxyz,3.417E-4,57353
Web_3space,3.409E-4,469800
Bybit_NFT,3.409E-4,153600
071_labs,3.409E-4,55390
calilyliu,3.409E-4,64318
ponchoBASE,3.409E-4,55850
solayer_labs,3.409E-4,82800
pStakeFinance,3.409E-4,65500
Bedrock_DeFi,3.409E-4,104000
bunniefied,3.4E-4,429100
sof1azara03,3.4E-4,557800
reenezive,3.4E-4,437600
semangast,3.4E-4,317800
CryptoKing4Ever,3.4E-4,921100
yunaincrypto,3.4E-4,401700
GawsStiph,3.4E-4,269700
Missy__Crypto,3.4E-4,529200
MoonOverlord,3.4E-4,299600
Balance_Capital,3.398E-4,56731
Definews_Info,3.398E-4,76800
BSCNews,3.398E-4,1100000
jack,3.398E-4,6400000
PopsicleFinance,3.398E-4,68600
BNBDriver,3.398E-4,96032
crypto_inside_,3.398E-4,50380
pancakeswap,3.398E-4,50380
bnbdtoken,3.398E-4,50380
Coin_Hub_News,3.329E-4,193900
cryptofeednews,3.329E-4,77400
CryptoNewsXBT,3.329E-4,98900
CoinGapeMedia,3.329E-4,77000
solana,3.329E-4,2800000
Cardano,3.329E-4,1300000
TienCypress,3.329E-4,69500
BlockChain_CK,3.329E-4,314600
oasys_games,3.329E-4,123600
BitcoinFear,3.329E-4,723600
bitcoingold,3.329E-4,112300
BTCFoundation,3.329E-4,373500
Bitcoin_Buddah,3.329E-4,453700
BitcoinCats1Cat,3.329E-4,314300
OpenOceanGlobal,3.329E-4,400600
0xPolygonDeFi,3.329E-4,293000
Defi_Maestro,3.329E-4,53500
SovrynBTC,3.329E-4,82300
PaikCapital,3.329E-4,75900
DeFi_Dad,3.329E-4,160700
Coinbase_NFT,3.329E-4,518400
MathVerseNFT,3.329E-4,403600
CGAAPromo,3.329E-4,1000000
TheMCACrypto,3.329E-4,445000
ranpromoter,3.329E-4,723300
RaritySniperNFT,3.329E-4,424700
nftscan_com,3.329E-4,144900
nft_souffl3,3.329E-4,236000
THENFTSTAR,3.329E-4,143900
GeoffreyHuntley,3.329E-4,50900
nftfreaks,3.329E-4,114700
web3games,3.329E-4,104000
din_lol_,3.329E-4,358700
web3dome,3.329E-4,244900
FukuSquad100x,3.329E-4,244800
TheGariNetwork,3.329E-4,186100
Web3_Protocol,3.329E-4,105000
SuperDappAI,3.329E-4,101500
dappOS_com,3.329E-4,204700
Swapr_dapp,3.329E-4,59300
BLoveDApp,3.329E-4,155700
DappRadar,3.329E-4,238800
hodlstrong_,3.329E-4,50400
MrHodl,3.329E-4,62000
ethereumJoseph,3.329E-4,317800
ETH_Daily,3.329E-4,114700
tradingview,3.329E-4,797700
trading,3.329E-4,101200
business,3.329E-4,9500000
SGXGroup,3.329E-4,143700
PokemonTCG,3.329E-4,198700
NasdaqExchange,3.329E-4,762400
Shell,3.329E-4,570300
AltcoinsThunder,3.329E-4,55000
AltGemHunter,3.329E-4,117000
AltcoinMoe,3.329E-4,102900
AltcoinBernays,3.329E-4,442000
AltcoinWorldcom,3.329E-4,117300
Altcoinbuzzio,3.329E-4,165500
token2049,3.329E-4,112500
BscPitbull,3.329E-4,194500
SimonsCatMeme,3.329E-4,233300
AttentionToken,3.329E-4,264600
MIXMARVELGAME,3.329E-4,131800
cryptomarkets_,3.329E-4,50380
voiceofweb3_,3.329E-4,50380
dallascowboys,3.329E-4,4400000
ryanbethencourt,3.329E-4,50380
onderyazici,3.329E-4,106700
ade_cryptt,3.329E-4,60564
kittypunchxyz,3.329E-4,50380
pumpdotflow,3.329E-4,59252
mms_Blockchain,3.329E-4,93127
CryptoNecton,3.329E-4,84300
Tleubayev,3.329E-4,96605
LucaPoggi7,3.329E-4,85524
chainx_org,3.329E-4,89100
nikolaushoff,3.329E-4,50380
telcoin,3.329E-4,100800
Jamie1Coutts,3.329E-4,68955
Daniel_Bowl,3.329E-4,77265
buttercupcrypto,3.329E-4,71626
thedefinvestor,3.329E-4,50380
CryptoSnooper_,3.329E-4,56767
indivfr,3.329E-4,95870
XLinkbtc,3.329E-4,95797
jelena_noble,3.329E-4,83462
IBCHodler,3.329E-4,94359
Darrenlautf,3.329E-4,151300
vivekventures,3.329E-4,50380
ashcryptoreal,3.329E-4,50380
mooncat2878,3.329E-4,59600
kbwofficial,3.329E-4,98442
sandy_carter,3.329E-4,92300
alina_krt,3.329E-4,73062
tmel0211,3.329E-4,60694
NodeOpsHQ,3.329E-4,56654
nihaovand,3.329E-4,75255
salamander_12,3.329E-4,50380
Lingocoins,3.329E-4,666000
bitcoin1zation,3.329E-4,63027
corybates1895,3.329E-4,84463
BitcoinAdolf,3.329E-4,52031
realhptp80i,3.329E-4,91738
PnutKingSolana,3.329E-4,74564
uniultra_xyz,3.329E-4,401900
defi_frens,3.329E-4,95434
bluwhaleai,3.329E-4,264500
shieldeum,3.329E-4,50380
movementlabsxyz,3.329E-4,836800
SatoshiFlipper,3.329E-4,220500
labofcrypto,3.329E-4,53761
icphub_PH,3.329E-4,50450
bscnfunding,3.329E-4,50380
hard_protocol,3.329E-4,75000
cameron,3.329E-4,734400
zooko,3.329E-4,86000
blake7jeong,3.329E-4,50380
robo40022783,3.329E-4,81161
tookerkurlson,3.329E-4,52000
ItsJotaHache,3.329E-4,53109
bitstamp,3.329E-4,50380
coinbaseassets,3.329E-4,50380
buffalu__,3.329E-4,54979
LawrenceCrypt0,3.329E-4,84854
fucory,3.329E-4,50380
WilderWorld,3.329E-4,246400
osnon_chris,3.329E-4,76374
JoseFebles10,3.329E-4,70585
thebrianjung,3.329E-4,83900
BoocoinIO,3.329E-4,91217
cardanosolar,3.329E-4,50380
TheFairies_,3.329E-4,79214
taptools,3.329E-4,50380
bigpeyYT,3.329E-4,66582
iohk_charles,3.329E-4,50380
quillfi,3.329E-4,50380
stakingrewards,3.329E-4,50380
R_Mani87,3.329E-4,87618
0x94305,3.329E-4,83341
banana_mac_,3.329E-4,50380
illphil1877,3.329E-4,53872
Helghardt,3.329E-4,59578
xLaunchpadApp,3.329E-4,63990
bitmartresearch,3.329E-4,50380
bitmart_zh,3.329E-4,50380
tokensaler,3.329E-4,63783
CryptoSohail_,3.329E-4,92138
beyasty79,3.329E-4,52932
zygofrog,3.329E-4,50380
wifimapapp,3.329E-4,84400
Goku_Memecoin,3.329E-4,63539
banih_siam,3.329E-4,50380
KCFingers,3.329E-4,79414
mrbobtoken,3.329E-4,75384
Sara_hweb3,3.329E-4,76652
chainbaseva,3.329E-4,50380
rikrok_wagmi,3.329E-4,71240
iEmmaLiu,3.329E-4,53500
21milofficial,3.329E-4,73873
answrguy,3.329E-4,66881
Bitwise_Europe,3.329E-4,96707
sfchronicle,3.329E-4,308600
dotkrueger,3.329E-4,112400
HODL15Capital,3.329E-4,72100
NickTimiraos,3.329E-4,374700
TheBTCTherapist,3.329E-4,166400
FAWNL,3.329E-4,62010
fawnl,3.329E-4,50380
godblessbtcfilm,3.329E-4,50380
FruitScientist,3.329E-4,97836
swan,3.329E-4,50380
JJjanzen22,3.329E-4,50239
steve_hanke,3.329E-4,772300
dylandotdotdot,3.329E-4,89160
bsword,3.329E-4,98483
rleder,3.329E-4,73605
mars_quaking,3.329E-4,64907
thewholeframe,3.329E-4,97198
LucasMaddy,3.329E-4,64104
flynfree,3.329E-4,59727
freQniKs,3.329E-4,79587
sercanmatrixai,3.329E-4,60259
stack_wallet,3.329E-4,55371
raknak,3.329E-4,69686
utxoalien,3.329E-4,50380
bachelorking77,3.329E-4,50380
HodlMarbella,3.329E-4,80352
0xShual,3.329E-4,97008
damskotrades,3.329E-4,117700
joenakamoto,3.329E-4,50380
GrantCardone,3.329E-4,1100000
grantcardone,3.329E-4,50380
titcoinpodcast,3.329E-4,73546
Vikingobitcoin9,3.329E-4,78178
AlekceiKozlov,3.329E-4,99092
ColorCombos,3.329E-4,89005
nileshshuklas,3.329E-4,56614
Maddy2Crypto,3.329E-4,87517
cryptonewshindi,3.329E-4,65700
pushpendratech,3.329E-4,50380
cryptoaceyt,3.329E-4,74519
MilanAr97154294,3.329E-4,73791
Himansh31015466,3.329E-4,77045
WutalkWu,3.329E-4,67425
cabalofcrypto,3.329E-4,50380
stavax_io,3.329E-4,50380
LauriannaCrypto,3.329E-4,89008
docXBT,3.329E-4,66528
ACryptoniano,3.329E-4,93973
cryptoitalia_io,3.329E-4,52667
CryptoKoryo,3.329E-4,65102
cryptokoryo,3.329E-4,50380
ayyyeandy,3.329E-4,73221
cryptogirlnova,3.329E-4,50380
CryptoMemePanda,3.329E-4,86581
EdgeofChaosGame,3.329E-4,76509
evaaprotocol,3.329E-4,85700
WisdomMatic,3.329E-4,229400
GravityChain,3.329E-4,50380
e722ad1bfc54469,3.329E-4,50380
BinanceAfrica,3.329E-4,279200
Adonaieth,3.329E-4,67866
delzennejc,3.329E-4,98007
pentosh1,3.329E-4,50380
ssaasquatch,3.329E-4,50380
smtgpt,3.329E-4,138700
0xaishwary,3.329E-4,50380
MattLGov,3.329E-4,61396
therzlt,3.329E-4,50380
agglayerzone,3.329E-4,88773
ishikamukerji,3.329E-4,50380
danielfogg,3.329E-4,80548
Welsh_Community,3.329E-4,71624
dominik_btc,3.329E-4,76892
ykpfx,3.329E-4,51149
apufriend,3.329E-4,72053
trader6t,3.329E-4,50380
WenRUJIdotfun,3.329E-4,89154
tiimmyy2x,3.329E-4,98672
kunoo,3.329E-4,168300
jscryptopia,3.329E-4,72651
JohnArnoldFndtn,3.329E-4,83600
ktlannan,3.329E-4,94255
_joerodgers,3.329E-4,50442
tracewoodgrains,3.329E-4,58294
LiquidBase_,3.329E-4,77957
JakeWolki,3.329E-4,75932
btcombs11,3.329E-4,50380
jan3com,3.329E-4,50380
arceris_btc,3.329E-4,50380
Sercapez,3.329E-4,72423
MapleLeafCap,3.329E-4,74863
hourglasshq,3.329E-4,89544
CNBC,3.329E-4,5200000
securitize,3.329E-4,50380
SkyEcosystem,3.329E-4,286200
contango_xyz,3.329E-4,50380
jack226RE,3.329E-4,57643
moseskagan,3.329E-4,152900
robustus,3.329E-4,96077
derekbrown,3.329E-4,65773
AnettRolikova,3.329E-4,61653
libsoftiktok,3.329E-4,3800000
whothefew,3.329E-4,90232
dunleavy89,3.329E-4,69395
ashleighschap,3.329E-4,73561
thegrifft,3.329E-4,75011
olof1_,3.329E-4,79011
prestonjbyrne,3.329E-4,58000
ShizzyAizawa,3.329E-4,68248
CirrusNFT,3.329E-4,92600
dflowprotocol,3.329E-4,50380
ethStaker,3.329E-4,51335
ZunamiProtocol,3.329E-4,72272
mrblocktw,3.329E-4,85500
llamaonthebrink,3.329E-4,74749
Ntfacts,3.329E-4,93918
crystaltaixyz,3.329E-4,82628
ethresearchbot,3.329E-4,81675
token_logic,3.329E-4,50380
karratcoin,3.329E-4,51126
gasfairy_eth,3.329E-4,89983
lukebelmar,3.329E-4,587700
kingston00111,3.329E-4,54216
ummacoin,3.329E-4,72704
gtmcknight,3.329E-4,77780
Collin_McCune,3.329E-4,80516
PRINCE1267910,3.329E-4,50380
demonopol_rwa,3.329E-4,50380
veda_vital,3.329E-4,82617
TylerLumbardeth,3.329E-4,104200
codegeex_ai,3.329E-4,83951
nov3atitan,3.329E-4,93804
vidnoz_official,3.329E-4,66880
Cavitator_eth,3.329E-4,82531
giveawayhost,3.329E-4,50380
bang_garr,3.329E-4,50380
NimaYamini,3.329E-4,98082
apexdexofficial,3.329E-4,50380
CRYPTOFIED1,3.329E-4,445400
azgilar,3.329E-4,92717
fantv_official,3.329E-4,50380
neocrypto20,3.329E-4,92558
emanabio,3.329E-4,50380
bluefinapp,3.329E-4,93100
AriesMarkets,3.329E-4,118200
Stavax_io,3.329E-4,50380
CioSilv,3.329E-4,71109
paid_network,3.329E-4,159700
tuukzs,3.329E-4,62579
ZF_lab,3.329E-4,89100
oooo_money,3.329E-4,133400
GEN2AI,3.329E-4,67054
playlegiontcg,3.329E-4,50380
CryptoGuy_777,3.329E-4,63235
sharafi_eth,3.329E-4,67500
Antgev_eth,3.329E-4,66136
NFTCHESUS,3.329E-4,65600
usmverse,3.329E-4,50380
23decboi,3.329E-4,86477
heywhy118,3.329E-4,97043
mullet_eth,3.329E-4,86243
burgercitiesbar,3.329E-4,50380
PairedWorld,3.329E-4,66635
pairedworld,3.329E-4,50380
coinmarketcap,3.329E-4,50380
bananatvbot,3.329E-4,50380
ankr,3.329E-4,233300
drcreeptic,3.329E-4,81214
alemaonftreal,3.329E-4,50380
BenitoReeberg,3.329E-4,71167
gateio_startup,3.329E-4,50380
Haylesdefi,3.329E-4,97754
ahm_dinho,3.329E-4,65851
InternetH0F,3.329E-4,3500000
eesee_io,3.329E-4,563700
famlcoin,3.329E-4,65058
ainetwork_ai,3.329E-4,89935
Alex_CryptoKing,3.329E-4,80150
TheKusamarian,3.329E-4,50466
Somnia_Network,3.329E-4,317500
ShikokuReal,3.329E-4,68215
forgive_me_AI,3.329E-4,77704
corgil_,3.329E-4,50380
chiitan7407,3.329E-4,2100000
metyacom,3.329E-4,570000
becometa,3.329E-4,77285
4uaicrypto,3.329E-4,50380
anujshankar95,3.329E-4,60933
dr_g888,3.329E-4,50380
btcdotfun,3.329E-4,76601
Bixosinc,3.329E-4,59576
joeytadiar,3.329E-4,72740
zignaly,3.329E-4,50604
wallstreetbets,3.329E-4,844500
klever_org,3.329E-4,70079
CryptoSlate,3.329E-4,57200
usdx_money,3.329E-4,83535
tkvresearch,3.329E-4,50380
xeonusify,3.329E-4,50380
0xAA_Science,3.329E-4,134200
thomasdoubting1,3.329E-4,50380
KingdomlyApp,3.329E-4,59396
limitlesssauce,3.329E-4,89500
BananaS31_bsc,3.329E-4,78189
leoninweb3,3.329E-4,50380
DarknightHimslf,3.329E-4,61621
SkylineETH,3.329E-4,187900
meta_alchemist,3.329E-4,52182
DavidFBailey,3.329E-4,53100
JAWSnAZ,3.329E-4,78297
abundantmines,3.329E-4,50380
seawhattf,3.329E-4,71179
elinagarbrr,3.329E-4,50380
mikehassard,3.329E-4,86977
AndreTechExec,3.329E-4,53769
BitcoinChilango,3.329E-4,50380
bitcoin_chicken,3.329E-4,75315
MikeStillBTC,3.329E-4,52850
ihate1999,3.329E-4,71183
reallygodwin,3.329E-4,84671
Josh_Kale,3.329E-4,60497
matthewstoller,3.329E-4,147500
ChiefOfTelos,3.329E-4,83323
androolloyd,3.329E-4,83428
W3X_NW,3.329E-4,96455
DefiantNews,3.329E-4,113400
Web3Adam,3.329E-4,90222
crypto_chase,3.329E-4,50380
omaragag6,3.329E-4,50380
trader_cha,3.329E-4,69314
cperruna,3.329E-4,155700
coinbureautr,3.329E-4,50380
remarks,3.329E-4,84450
Tugs_ETH,3.329E-4,62396
imcryptomessiah,3.329E-4,50380
beast_ico,3.329E-4,65540
yourcryptodj,3.329E-4,154400
MJFAonSol,3.329E-4,58119
comparemcap,3.329E-4,87269
Holiverse,3.329E-4,138700
lightcrypto,3.329E-4,186200
derktargin1,3.329E-4,81594
bensbtc,3.329E-4,98174
DyorLabs_,3.329E-4,74400
gunzillagames,3.329E-4,50380
metasignals,3.329E-4,50380
official_trakx,3.329E-4,96600
gane5h,3.329E-4,66513
vutran54,3.329E-4,97927
LumiBitL2,3.329E-4,84008
kingcrypto66,3.329E-4,91025
crypto_jelly_4,3.329E-4,88293
bnbswap,3.329E-4,50380
Emergence_Conf,3.329E-4,52283
RexNik3,3.329E-4,91289
RippleXrpie,3.329E-4,275800
humafinance,3.329E-4,134800
quienesfacundo,3.329E-4,50004
BogDrakonov,3.329E-4,87394
Abstract_Eco,3.329E-4,211800
beausecurity,3.329E-4,64528
FoxyPenguinApe,3.329E-4,64704
foxypenguinape,3.329E-4,50380
NewsyJohnson,3.329E-4,63351
BrookHawaii,3.329E-4,67247
eigenpiexyz_io,3.329E-4,50380
SodiKing_01,3.329E-4,72176
7etsuo,3.329E-4,55200
YieldBricks,3.329E-4,92300
Crypt0Catalysts,3.329E-4,63800
robert_bancsok,3.329E-4,94294
cryptostreamhub,3.329E-4,50380
koroushak,3.329E-4,50380
ayeafzal,3.329E-4,84843
mexc_official,3.329E-4,50380
rafaela_rigo_,3.329E-4,50380
AltstreetBet,3.329E-4,146000
diecero,3.329E-4,78557
pepe_btc,3.329E-4,89390
bgarlinghouse,3.329E-4,923100
MisterSpread,3.329E-4,74500
piovincenzo_,3.329E-4,81600
Web3Spud,3.329E-4,78472
magiccraftgame,3.329E-4,50380
globeeyenews,3.329E-4,50380
thecryptomonk,3.329E-4,163400
bhiitc1,3.329E-4,51302
TylerDurden,3.329E-4,156300
RealCryptoFace1,3.329E-4,176100
Cryptowok1,3.329E-4,62006
CryptoKans,3.329E-4,72100
TheThnd,3.329E-4,83527
benarmstrongsx,3.329E-4,50380
ByzGeneral,3.329E-4,218200
DropCoinXRPL,3.329E-4,87632
Albert_TheVoid,3.329E-4,87388
tokentraxx,3.329E-4,50380
leugimcro,3.329E-4,88507
PUUSHDABUTTON,3.329E-4,83219
theballzgame,3.329E-4,98808
ATT_GNCZL,3.329E-4,91610
_cryptodiamond,3.329E-4,50380
lakers,3.329E-4,50380
HefSaffa,3.329E-4,77306
CryptoLeven,3.329E-4,52284
nftbroo,3.329E-4,90193
Polemos_io,3.329E-4,69100
crypto_Abao,3.329E-4,96863
DadFucksEther,3.329E-4,51293
amityage,3.329E-4,66380
nopara73,3.329E-4,62572
paulitoi,3.329E-4,60086
tychoonnasch,3.329E-4,81380
danoprey,3.329E-4,63971
leonidasnft,3.329E-4,50080
ralfthechef,3.329E-4,97421
solamaspl,3.329E-4,67080
CRYPTOHABEBEt,3.329E-4,98013
puffymemetoken,3.329E-4,61707
digitektrades,3.329E-4,50380
